CO,CID,SID,ACTIVITY,SCORE,INHIBITION,STDDEV
1,26732475,16746541,1,100,95.11,0.206541
2,57264299,6708701,1,97,92.88,0.0959136
3,24833220,16196440,1,81,77.96,1.52839
4,4256513,630034,1,79,75.79,0.387208
5,24832178,3491105,1,76,73.14,0.751154
6,24804016,16192648,1,74,70.88,0.0706438
7,3715018,2999043,1,72,69.32,7.22928
8,49646191,777365,1,71,67.96,0.336282
9,11533069,6852411,1,69,65.93,0.329588
10,14729201,1477836,1,68,65.51,0.486865
11,862625,663859,1,68,65.47,0.489656
12,14718714,3504805,1,67,64.55,0.635426
13,47201220,23724230,1,65,62.54,0.0489574
14,17432012,6861996,1,65,62.37,16.6433
15,861001,662273,1,62,59.25,1.21882
16,24835364,3515733,1,61,58.58,1.6522
17,861720,662954,1,61,58.23,0.673844
18,57264309,25162995,1,59,56.83,0.328005
19,24818419,1487220,1,58,55.9,0.502286
20,14742465,1973720,1,58,55.75,0.420207
21,22403627,5033819,1,58,55.45,1.22405
22,56436674,24978599,1,57,55.12,0.681841
23,861006,662276,1,56,53.85,1.03755
24,861838,663060,1,56,53.27,0.357574
25,26665729,221125,1,55,52.82,0.575254
26,4254500,972317,1,55,52.72,0.495059
27,56436669,24978594,1,55,52.68,0.976244
28,49679182,1477263,1,54,51.94,0.428335
29,17402159,5152307,1,54,51.37,0.160772
30,24817954,1487221,1,53,51.05,0.334858
31,57264321,25163007,1,53,50.91,1.85957
32,861934,663159,1,53,50.71,0.842788
33,24818277,1470825,1,53,50.59,0.28038
34,17402120,3740241,1,52,50.33,0.223421
35,46500423,9896684,1,52,50.03,0.958392
36,24785464,7066845,1,52,49.99,0.510616
37,24838159,2578872,1,52,49.98,0.360167
38,56436777,24978568,1,52,49.79,0.427714
39,4244318,1513374,1,52,49.79,0.805845
40,17512880,9607467,1,52,49.74,0.380406
41,26665472,937982,1,52,49.59,1.78171
42,56436686,24983076,1,51,49.27,0.672523
43,49667533,2003392,1,51,48.95,1.10455
44,56436681,24978592,1,51,48.89,1.1118
45,49666099,1477266,1,51,48.78,0.581213
46,24791772,2452051,1,51,48.75,0.752021
47,49648949,1477230,1,51,48.72,1.28022
48,14737268,5291838,1,51,48.65,1.67073
49,4248909,68261,1,50,48.47,0.822737
50,22412344,3327313,1,50,48.31,1.28653
51,22410390,2545431,1,50,48.27,0.922996
52,17413207,5334997,1,50,48.24,1.39261
53,24817575,1487222,1,50,48.22,0.415017
54,24841426,160115,1,50,48.16,0.501873
55,49727100,5334885,1,50,48.12,1.0363
56,56322140,24981956,1,50,47.79,0.457988
57,17512642,9608279,1,50,47.73,0.965719
58,57264320,25163006,1,49,47.34,0.829356
59,24822391,135439686,1,49,47.33,1.80723
60,17509419,12004827,1,49,47.2,1.31318
61,24819891,1477242,1,49,47.2,0.378878
62,24820329,3379829,1,49,46.92,1.02597
63,24819349,4667754,1,49,46.79,0.889752
64,56436683,24978587,1,49,46.76,1.42714
65,24818013,1471776,1,48,46.27,0.442243
66,17402174,3722206,1,48,46.25,0.88064
67,57264296,93004,1,48,46.22,0.367145
68,56323306,16295797,1,48,46.1,1.14984
69,14723877,873000,1,48,46.08,0.101952
70,49666675,3792008,1,48,45.94,0.412029
71,47199245,9512029,1,48,45.92,0.77007
72,24817668,1470741,1,48,45.82,0.200606
73,17402872,1487214,1,47,45.62,0.498068
74,860397,661691,1,47,45.52,1.06434
75,24815600,7217786,1,47,45.42,1.1657
76,49817864,2909351,1,47,45.41,4.75076
77,24836667,2421475,1,47,45.4,0.529592
78,56436680,24983196,1,47,45.35,0.534021
79,24820155,1477238,1,47,45.21,0.630234
80,56436668,24983198,1,47,45.19,1.65993
81,17512881,5903656,1,46,44.32,0.848617
82,56436780,24978571,1,46,44.31,0.305278
83,24823515,16195500,1,46,44.18,0.629797
84,57264314,25163000,1,46,44.13,0.513959
85,24807929,16192872,1,46,44.06,0.910742
86,49719723,22581373,1,46,43.99,0.771285
87,24826353,2539487,1,46,43.95,0.585947
88,14725854,3224343,1,45,43.72,1.49078
89,56320471,23663996,1,45,43.47,0.594048
90,57266640,25163050,1,45,43.27,0.793607
91,24819898,1477229,1,45,43.12,1.39254
92,11532972,5283102,1,45,43.06,0.965687
93,56322291,24982028,1,45,42.93,0.582402
94,17402227,1474148,1,45,42.89,1.47937
95,56319033,16285260,1,44,42.55,1.06754
96,24815332,5199136,1,44,42.53,0.902197
97,57264505,25163023,1,44,42.47,1.15533
98,24785558,6952211,1,44,42.3,0.930068
99,14731604,6860029,1,44,42.29,0.966874
100,51085954,18567614,1,44,42.04,0.775523
101,49680840,4799115,1,44,41.91,0.645033
102,17505716,2210746,1,44,41.91,1.85431
103,26731738,2810122,1,44,41.91,0.532914
104,57264304,25162990,1,43,41.8,0.477133
105,24784581,4091590,1,43,41.66,1.64299
106,24813370,4091588,1,43,41.5,0.974505
107,57260148,25162926,1,43,41.46,0.51456
108,56323588,24982533,1,43,41.45,0.547695
109,3717109,2594234,1,43,41.36,0.27416
110,24794279,972847,1,43,41.21,0.950105
111,56436675,24983199,1,43,41.2,0.79083
112,17512845,1021114,1,43,41.2,1.45361
113,56436667,24983040,1,42,40.84,1.40851
114,14745536,2477237,1,42,40.83,0.513037
115,24826607,3923974,1,42,40.82,0.407425
116,26728828,2810507,1,42,40.79,0.605078
117,26660719,2115167,1,42,40.77,1.67579
118,17402223,1470823,1,42,40.61,0.771794
119,7970587,4357675,1,42,40.6,0.836926
120,49826011,24819122,1,42,40.51,0.118644
121,24792376,2242396,1,42,40.48,0.959958
122,49647816,936435,1,42,40.33,2.68425
123,57257640,22581360,1,42,40.3,1.46537
124,26659463,135549819,1,42,40.1,0.501719
125,7966905,726503,1,41,39.92,0.442979
126,24826365,2406282,1,41,39.79,1.2376
127,17509318,4326877,1,41,39.69,0.715132
128,4249655,2158952,1,41,39.52,0.662418
129,14746782,2580007,1,41,39.41,1.86804
130,24780293,5768784,1,41,39.36,3.44454
131,49820368,3795563,1,41,39.33,1.32244
132,14743193,4893393,1,41,39.14,0.710309
133,57264308,25162994,1,41,39.13,0.353884
134,49679815,5702699,1,41,39.08,5.91648
135,14730968,1263653,1,41,39.06,0.129468
136,49723667,2934366,1,40,38.88,5.88104
137,17402167,3847340,1,40,38.85,1.22908
138,24791440,1976446,1,40,38.81,0.786383
139,49815818,1637842,1,40,38.76,1.55576
140,24785559,7066857,1,40,38.68,2.2239
141,26666694,1838764,1,40,38.67,0.567078
142,22408473,5234533,1,40,38.41,1.40417
143,14724116,1077243,1,40,38.34,2.22354
144,49680188,135675946,1,40,38.2,1.05315
145,26663490,3794850,1,39,38.02,0.792989
146,49646259,24747455,1,39,38,1.60664
147,17402139,3846667,1,39,37.95,1.9184
148,3714055,16124,1,39,37.88,1.14776
149,26667470,649540,1,39,37.7,0.389379
150,24839485,2472087,1,39,37.63,0.654394
151,24823972,65751,1,39,37.55,1.38029
152,22407119,15945189,1,39,37.48,1.11946
153,22400821,15944722,1,39,37.48,1.43037
154,4247749,3241914,1,39,37.37,0.507783
155,26670673,601670,1,39,37.36,1.25252
156,4251622,3245283,1,39,37.36,0.742124
157,7970095,4120148,1,39,37.27,0.424244
158,4256296,2950328,1,39,37.23,1.43511
159,49648995,1477243,1,39,37.21,1.30368
160,24824742,5459628,1,39,37.21,1.05959
161,57266639,4853615,1,39,37.14,0.601475
162,56317933,17564458,1,38,37,0.709774
163,47193452,75583,1,38,36.94,0.64033
164,56436679,24978593,1,38,36.94,0.224739
165,49679708,270995,1,38,36.78,0.106979
166,4263768,976141,1,38,36.78,0.546338
167,49820154,3338549,1,38,36.75,1.03331
168,7970739,2501832,1,38,36.73,0.926652
169,85149013,44144207,1,38,36.62,0.374308
170,14746281,135446674,1,38,36.33,0.716622
171,49645946,24747373,1,38,36.3,0.694571
172,56320767,54682936,1,38,36.25,1.75929
173,49825635,135418715,1,38,36.16,0.503816
174,17386215,135490278,1,37,36.08,1.10858
175,49670065,5893424,1,37,36.03,0.0715787
176,22401475,135521476,1,37,36,1.19603
177,46500493,54687247,1,37,35.92,1.40255
178,17509187,3191766,1,37,35.91,0.576589
179,26658852,9657022,1,37,35.81,1.17426
180,49648980,1477270,1,37,35.69,0.428531
181,49825397,2910228,1,37,35.66,2.23051
182,14726352,972880,1,37,35.65,0.498755
183,56317313,18127589,1,37,35.5,0.459421
184,47193451,3218,1,37,35.28,1.0728
185,56463282,644274,1,37,35.25,1.1503
186,17511184,4154397,1,37,35.23,0.889455
187,7966122,5308032,1,37,35.23,0.990684
188,49673358,16239425,1,37,35.21,0.354024
189,49646637,1557339,1,36,35.17,1.86949
190,49714060,135693593,1,36,35.12,0.838432
191,17409307,6873208,1,36,35.1,1.06151
192,26666693,16682517,1,36,35.1,0.763757
193,24707942,5459624,1,36,35.1,0.294474
194,49816644,2918433,1,36,35.08,1.11792
195,57262495,4853613,1,36,35.01,1.28572
196,26727013,5714571,1,36,34.93,0.409409
197,14727639,1051569,1,36,34.86,0.390696
198,17409257,3458086,1,36,34.79,1.00996
199,56463066,11102,1,36,34.77,0.828421
200,56323401,16550697,1,36,34.73,0.915614
201,56436664,24978583,1,36,34.71,2.11414
202,17504833,1005290,1,36,34.7,0.67245
203,17510964,20846859,1,36,34.46,1.52642
204,22401009,2324533,1,36,34.45,0.94437
205,50086380,3514089,1,36,34.37,0.494434
206,17505362,1081350,1,36,34.34,0.397554
207,22406209,135521587,1,35,34.19,1.42725
208,17507950,1432762,1,35,34.18,0.898769
209,7968981,2051211,1,35,34.13,0.586561
210,22406054,5158786,1,35,34.13,1.73162
211,17514515,4189402,1,35,34.13,0.714323
212,51085273,2155604,1,35,34.11,1.57215
213,26725751,5417965,1,35,33.98,1.39991
214,17388622,764175,1,35,33.9,1.73265
215,22401998,4110531,1,35,33.87,0.894853
216,26725586,16745806,1,35,33.81,0.425689
217,24707826,5459631,1,35,33.81,0.408163
218,26669779,2458702,1,35,33.62,0.0393534
219,56314650,24978607,1,35,33.5,0.900249
220,50085711,4977513,1,35,33.5,0.791578
221,47193689,4971,1,35,33.48,1.57042
222,17508839,3167478,1,35,33.45,1.5709
223,26670792,6891860,1,35,33.42,1.3967
224,26657876,10298511,1,35,33.41,0.931866
225,26730544,2810970,1,35,33.36,0.498901
226,49716381,16468113,1,35,33.33,0.969912
227,4259788,2971015,1,35,33.31,1.86657
228,14737166,3269943,1,34,33.17,0.747992
229,26662262,135543905,1,34,33.15,0.70931
230,17504850,135497964,1,34,33.14,0.696882
231,17432660,9585338,1,34,33.11,0.343496
232,4245724,3240162,1,34,33.1,1.41098
233,4248979,3242988,1,34,33.08,0.553241
234,14741646,3849521,1,34,33.07,1.14338
235,24784580,4535572,1,34,33.04,0.253774
236,24781219,1547881,1,34,32.89,1.49967
237,22410790,135401277,1,34,32.86,0.608753
238,14742343,3923766,1,34,32.82,1.05489
239,4247201,3241434,1,34,32.78,1.64609
240,17385653,135490251,1,34,32.71,0.623059
241,22406886,135481361,1,34,32.71,0.284003
242,49680319,4785275,1,34,32.66,0.535369
243,49829332,3496625,1,34,32.63,0.968396
244,49816113,6389620,1,34,32.54,0.398101
245,49717536,20967299,1,34,32.54,0.347326
246,22410691,135401274,1,34,32.53,0.108466
247,57256297,4782304,1,34,32.5,1.04845
248,17514446,1646845,1,34,32.49,0.678418
249,17412451,5344088,1,34,32.46,1.18131
250,22403046,135521558,1,34,32.46,0.550279
251,26664617,272568,1,34,32.38,1.18051
252,49666619,3848313,1,34,32.34,1.08501
253,24813593,9593463,1,33,32.32,0.805348
254,24820074,1489499,1,33,32.31,1.30557
255,24817603,3343835,1,33,32.24,0.246155
256,17511781,135424475,1,33,32.23,2.98173
257,49820795,18083820,1,33,32.21,0.573773
258,4245105,3239613,1,33,32.2,0.791741
259,4243096,2155601,1,33,32.15,0.988034
260,56320128,24688073,1,33,32.1,1.0009
261,17415430,2247463,1,33,32.08,1.03058
262,50085879,5070065,1,33,32.01,0.41824
263,4242506,3237353,1,33,31.97,0.369258
264,49820432,4872167,1,33,31.91,1.10364
265,26670776,5513575,1,33,31.85,0.429819
266,864710,665951,1,33,31.85,0.578401
267,57262481,4853713,1,33,31.79,0.962283
268,22401010,2476823,1,33,31.73,0.546197
269,14728022,3647798,1,33,31.7,0.7741
270,17401828,1928929,1,33,31.65,0.385924
271,14731278,135476824,1,33,31.62,1.78228
272,17433772,1361354,1,33,31.62,0.940716
273,22401247,135521445,1,33,31.6,1.73291
274,17415931,1339742,1,33,31.53,1.05597
275,14746971,5114916,1,33,31.52,1.12864
276,17503966,135497928,1,33,31.51,1.13882
277,22400865,4625720,1,33,31.48,0.729548
278,7969304,2051205,1,33,31.47,0.604222
279,3711314,2997591,1,33,31.43,2.04421
280,22406101,4235443,1,33,31.41,1.13535
281,26657894,4969429,1,32,31.36,1.06353
282,4241128,3236147,1,32,31.35,0.48994
283,14739731,4260390,1,32,31.29,0.401331
284,49820439,24818072,1,32,31.28,1.19713
285,26726271,1608030,1,32,31.26,0.49025
286,14732523,2830804,1,32,31.21,1.28083
287,4243271,3238015,1,32,31.2,1.02399
288,17504207,135497940,1,32,31.17,0.447151
289,22403054,1946288,1,32,31.09,1.01706
290,4244705,2051214,1,32,31.05,0.193706
291,22404690,54680377,1,32,30.99,0.897217
292,49727556,24792441,1,32,30.99,1.26083
293,14741932,3786360,1,32,30.98,0.752041
294,24791540,5446512,1,32,30.97,0.475364
295,24816090,2155611,1,32,30.96,1.27053
296,22402733,135521547,1,32,30.87,0.663532
297,17509562,2268032,1,32,30.85,1.4159
298,17432341,2213709,1,32,30.81,0.653381
299,864370,665618,1,32,30.79,0.620993
300,26670529,5114397,1,32,30.79,0.881277
301,4246561,2159040,1,32,30.75,1.60864
302,14738435,750183,1,32,30.72,3.4349
303,14744346,1564171,1,32,30.66,0.439589
304,47199282,4594917,1,32,30.63,0.685085
305,56436768,24978567,1,32,30.6,0.8696
306,24820207,3269951,1,32,30.59,0.613759
307,24781196,2108163,1,32,30.52,0.84647
308,14727883,1811009,1,32,30.52,1.01622
309,57264794,9115049,1,32,30.49,0.962371
310,17503781,135430201,1,31,30.42,0.96475
311,4250600,718902,1,31,30.4,0.301734
312,24814601,16194416,1,31,30.34,0.618425
313,4247180,2155680,1,31,30.31,0.940604
314,22415076,4083369,1,31,30.26,0.871703
315,49822884,16406697,1,31,30.24,1.09931
316,49821258,3291242,1,31,30.18,1.37908
317,24791689,135433239,1,31,30.18,0.254233
318,17510462,16481194,1,31,30.15,1.45157
319,49716333,24789811,1,31,30.15,1.14649
320,56436693,24983078,1,31,30.14,0.664578
321,49714695,46496143,1,31,30.06,1.1128
322,4243157,2158923,1,31,30.04,0.380788
323,22402423,15944898,1,31,30.03,1.6175
324,56322045,7852958,1,31,29.99,0.380031
325,4241391,3236373,1,31,29.93,1.92523
326,24838962,2486837,1,31,29.9,1.56061
327,24824392,2768998,1,31,29.86,0.713707
328,4242489,2155600,1,31,29.83,0.479642
329,49735864,135616999,1,31,29.76,0.885351
330,56422551,3152779,1,31,29.69,0.74396
331,47202394,135576680,1,31,29.68,2.06338
332,56436772,24981563,1,31,29.65,1.20412
333,49820288,9635654,1,31,29.65,0.57001
334,4255655,1093278,1,31,29.55,1.34459
335,24841427,5379262,1,31,29.54,1.22206
336,852091,54676454,1,31,29.51,0.9763
337,843702,646004,1,31,29.5,0.856194
338,24823907,16001413,1,31,29.49,0.413496
339,47196686,1328639,1,30,29.44,1.74399
340,49825440,2918794,1,30,29.42,0.267122
341,24816495,2155616,1,30,29.4,1.56799
342,22409282,2405941,1,30,29.39,0.325445
343,49734151,3180432,1,30,29.36,0.8881
344,17511260,135517024,1,30,29.36,0.200807
345,47199091,6465307,1,30,29.34,0.277749
346,4248744,3242781,1,30,29.33,0.606305
347,57260153,2202,1,30,29.33,1.80788
348,56463153,200103,1,30,29.29,0.303623
349,7970468,3561768,1,30,29.22,0.271711
350,56314731,24978638,1,30,29.16,0.0497748
351,22404892,4831088,1,30,29.16,0.678999
352,49736286,20970637,1,30,29.14,1.59857
353,24784300,883715,1,30,29.08,0.441877
354,24788172,1251267,1,30,29.05,0.74205
355,24791874,2544457,1,30,29.03,1.73923
356,7971249,2104499,1,30,28.99,0.640809
357,26670349,4838219,1,30,28.99,1.48971
358,56323584,8123633,1,30,28.98,0.690552
359,24786245,135458990,1,30,28.93,1.18099
360,24782260,3157603,1,30,28.93,0.663182
361,24791720,6908412,1,30,28.91,0.73337
362,26724204,2384970,1,30,28.89,0.82967
363,49645279,826520,1,30,28.82,0.69526
364,56463695,18968508,1,30,28.74,1.30563
365,26659653,16681919,1,30,28.69,0.620268
366,4251266,2158957,1,30,28.68,0.916656
367,849608,652107,1,30,28.67,1.47946
368,49717133,20970622,1,30,28.64,0.700789
369,49829387,3531704,1,30,28.62,1.20598
370,22401994,5143923,1,29,28.52,0.739407
371,22410207,2857914,1,29,28.51,0.409771
372,57257495,7767186,1,29,28.5,0.557636
373,14742054,6407173,1,29,28.49,1.31637
374,57264311,25162997,1,29,28.47,0.476125
375,49666601,1470719,1,29,28.45,2.68769
376,14736320,4141139,1,29,28.37,0.467041
377,22410464,135401258,1,29,28.37,0.235363
378,17410803,1132512,1,29,28.31,0.708145
379,17386562,135490289,1,29,28.21,0.674772
380,22406911,135521605,1,29,28.17,0.873597
381,24779985,2101054,1,29,28.15,0.363293
382,14732959,3508287,1,29,28.14,0.176845
383,57269039,25163858,1,29,28.13,0.286538
384,14741094,135473059,1,29,28.12,0.484954
385,14733531,869152,1,29,28.07,0.756026
386,17515708,3274011,1,29,28.07,2.08219
387,17408401,11958729,1,29,27.99,2.083
388,17514639,3715796,1,29,27.93,0.720773
389,17388342,1214727,1,29,27.92,0.78306
390,7970403,4121843,1,29,27.91,1.26319
391,17508655,3178116,1,29,27.83,1.49233
392,56463027,47471,1,29,27.83,1.2707
393,14728211,9549732,1,29,27.8,0.0421248
394,7971534,5310495,1,29,27.79,0.961634
395,56422536,8605040,1,29,27.78,1.57018
396,49827054,9563827,1,29,27.75,0.963792
397,3714758,2529884,1,29,27.73,0.563038
398,14741916,4435646,1,29,27.72,0.0916033
399,864669,665910,1,29,27.63,0.58359
400,14746463,1889728,1,29,27.6,1.44015
401,24824092,73157,1,28,27.56,1.07235
402,24816606,2155656,1,28,27.53,0.509588
403,22400830,4656182,1,28,27.53,1.03545
404,49643607,1147343,1,28,27.52,1.33284
405,17412559,2877674,1,28,27.5,0.223007
406,17401706,6886605,1,28,27.5,0.738683
407,17505082,1048809,1,28,27.49,0.93651
408,24841361,2060456,1,28,27.48,1.37606
409,51090779,4294967,1,28,27.45,0.916619
410,22401595,2087168,1,28,27.44,1.60861
411,22403488,135458258,1,28,27.31,0.805854
412,26731985,16746184,1,28,27.31,0.532969
413,26670790,6891768,1,28,27.31,0.553148
414,858577,6400926,1,28,27.31,0.638702
415,57256529,16328538,1,28,27.26,1.71547
416,14736316,3373841,1,28,27.19,1.47966
417,56422501,68553,1,28,27.17,0.652156
418,26670925,6868524,1,28,27.15,0.924658
419,17511215,135419650,1,28,27.14,0.699207
420,852029,654635,1,28,27.08,1.7162
421,22416388,2934106,1,28,26.97,1.82421
422,14723473,135418010,1,28,26.93,1.83325
423,50085659,3317909,1,28,26.91,0.553854
424,24829389,2124433,1,28,26.87,0.328028
425,26662998,135526883,1,28,26.85,0.38977
426,22406339,3877688,1,28,26.84,0.813542
427,17515830,12006169,1,28,26.81,1.1456
428,4248657,2660503,1,28,26.76,1.42152
429,24789832,3152777,1,28,26.65,0.427323
430,56463118,441336,1,28,26.64,1.25094
431,17505865,135498002,1,27,26.63,0.791951
432,17513750,6862473,1,27,26.56,1.20206
433,17411624,2833688,1,27,26.55,0.800011
434,26661470,931812,1,27,26.52,2.11589
435,17433246,2945068,1,27,26.52,1.08319
436,22401527,15944791,1,27,26.51,0.60357
437,17504711,1136046,1,27,26.5,1.08861
438,56422552,3152781,1,27,26.49,0.95029
439,14739287,6859942,1,27,26.44,1.09505
440,50085747,4308410,1,27,26.44,0.70976
441,49668819,5731706,1,27,26.42,0.505813
442,17515757,12006135,1,27,26.39,0.897312
443,49649620,6060654,1,27,26.3,0.455582
444,51085275,2155679,1,27,26.29,1.00198
445,24791823,9649777,1,27,26.22,1.30029
446,14733523,4252281,1,27,26.21,2.51833
447,49644944,54676094,1,27,26.19,1.71214
448,17401920,7473462,1,27,26.17,1.32371
449,46500327,23640909,1,27,26.17,0.612691
450,14736804,4617025,1,27,26.17,1.5708
451,49826994,1295575,1,27,26.17,1.31276
452,26660712,3794954,1,27,26.14,0.224423
453,14728116,135431516,1,27,26.11,0.626255
454,4260592,135420404,1,27,26.04,0.980376
455,24838499,3243170,1,27,26.01,1.13577
456,85147146,44142955,1,27,25.99,0.0448386
457,4250173,5771461,1,27,25.96,0.669053
458,26732000,16746198,1,27,25.96,0.516671
459,22410990,3918318,1,27,25.92,0.150076
460,51085281,3436419,1,27,25.91,0.731098
461,26671403,135779769,1,27,25.9,0.365552
462,26732013,16746208,1,27,25.89,0.763108
463,7970829,4321359,1,27,25.88,0.755501
464,49721998,20923751,1,27,25.88,0.920607
465,7971440,3426457,1,27,25.87,0.556609
466,47199907,6470731,1,27,25.82,1.44432
467,26732023,16746218,1,27,25.81,0.420672
468,24783868,9564046,1,27,25.77,1.40874
469,17507253,3130874,1,27,25.76,0.984298
470,17513384,1392245,1,27,25.75,0.860506
471,4245703,3240143,1,27,25.71,0.413291
472,852749,135438271,1,27,25.7,0.425692
473,7971800,5310556,1,26,25.66,0.648484
474,56436666,24978591,1,26,25.63,0.251928
475,858252,659595,1,26,25.63,0.851546
476,56317951,7868862,1,26,25.61,0.740227
477,864349,665597,1,26,25.59,1.13726
478,24780863,5752755,1,26,25.55,1.47718
479,14735888,2901113,1,26,25.55,0.917308
480,17386756,1004092,1,26,25.52,0.485013
481,26732044,16746237,1,26,25.51,0.787376
482,24831744,2123516,1,26,25.51,0.51163
483,14720939,3198730,1,26,25.49,0.463907
484,46501204,53277,1,26,25.49,0.263597
485,17504656,9677314,1,26,25.44,0.435296
486,24807116,54678826,1,26,25.44,0.606273
487,22402520,4655993,1,26,25.43,0.914649
488,24791373,2090656,1,26,25.42,1.52727
489,26660014,3303130,1,26,25.41,0.652932
490,49676421,16240138,1,26,25.4,1.19678
491,26726223,6888970,1,26,25.39,0.532409
492,17505237,3231101,1,26,25.36,0.665353
493,49717203,20970623,1,26,25.36,1.29617
494,22401483,5807013,1,26,25.36,0.428708
495,24781063,135404779,1,26,25.33,1.17636
496,56315135,7793869,1,26,25.33,0.608174
497,24822632,2211690,1,26,25.33,0.713403
498,17416317,2967155,1,26,25.32,0.638895
499,863787,665043,1,26,25.32,0.3587
500,56315287,9206462,1,26,25.32,0.294402
501,17411001,2766162,1,26,25.31,0.487756
502,17431451,11979277,1,26,25.31,0.474322
503,14742280,1548458,1,26,25.28,0.47004
504,49670232,6182725,1,26,25.26,0.876352
505,49643986,2868074,1,26,25.26,1.87307
506,17388539,135490329,1,26,25.24,1.16545
507,26731995,16746193,1,26,25.23,0.578237
508,56422550,3152768,1,26,25.22,1.76787
509,24818276,1474153,1,26,25.21,1.44182
510,17515656,3314184,1,26,25.16,1.22915
511,14739791,4686761,1,26,25.15,0.406845
512,56322255,17393542,1,26,25.13,1.29672
513,47200092,6470847,1,26,25.11,0.203713
514,14733704,1917638,1,26,25.08,0.790651
515,7970230,4393476,1,26,25.06,0.616793
516,4247379,3241596,1,26,25.04,0.410743
517,14741566,6586186,1,26,25.04,1.29644
518,17412143,979778,1,26,25.01,0.32739
519,17515853,12006187,1,26,25.01,0.316752
520,49667584,135580315,1,26,25.01,0.234854
521,17408311,3207314,1,26,25,0.863876
522,14740115,1331726,1,26,24.95,1.18944
523,24839608,4883529,1,26,24.94,2.95873
524,14733070,9550368,1,26,24.94,1.88112
525,49727557,24792442,1,26,24.93,1.09215
526,49674571,2125555,1,26,24.87,0.944574
527,51088046,3244099,1,26,24.79,1.11905
528,26660736,135549654,1,26,24.78,0.367852
529,7971574,2156259,1,26,24.77,1.32767
530,17388526,135490325,1,26,24.76,0.964024
531,24827167,3583690,1,25,24.71,1.45714
532,57262661,4844009,1,25,24.67,0.320473
533,85146520,44142380,1,25,24.64,1.2814
534,26732018,16746213,1,25,24.62,0.424191
535,26732046,16746239,1,25,24.58,0.332968
536,49823841,24818595,1,25,24.56,1.38067
537,49819754,4902571,1,25,24.53,0.202076
538,14731922,1477791,1,25,24.53,0.697577
539,26731988,16746187,1,25,24.5,0.932331
540,17506799,2226129,1,25,24.41,1.88935
541,17408803,9591967,1,25,24.4,0.0786312
542,24803384,2928736,1,25,24.39,0.800374
543,17432620,135425035,1,25,24.39,0.967752
544,49642590,750186,1,25,24.36,1.87894
545,14728350,135431512,1,25,24.36,1.1022
546,17515878,12006202,1,25,24.36,0.901551
547,49824933,6236937,1,25,24.36,0.748707
548,24787779,1547875,1,25,24.35,1.02472
549,24822260,1487346,1,25,24.35,0.836687
550,17410932,995141,1,25,24.31,0.762089
551,24828594,135439902,1,25,24.24,0.469118
552,24791268,2374706,1,25,24.24,0.505399
553,14727676,4169206,1,25,24.23,1.31983
554,26671534,135440086,1,25,24.23,0.349157
555,49680149,1516221,1,25,24.23,0.463232
556,17415101,2950564,1,25,24.23,1.34072
557,49645298,135478027,1,25,24.21,0.577597
558,14743435,9551854,1,25,24.18,1.08461
559,17432541,1345012,1,25,24.16,1.4695
560,17508699,3138755,1,25,24.15,1.25695
561,24834489,2769603,1,25,24.14,0.501657
562,4250151,135485412,1,25,24.14,0.728664
563,24833536,3604468,1,25,24.13,1.02784
564,26732007,16746203,1,25,24.1,1.86724
565,24789275,969982,1,25,24.09,0.799192
566,49667232,135473369,1,25,24.07,1.37076
567,17432223,2251346,1,25,24.06,0.962131
568,14738455,4208317,1,25,24,0.173047
569,49643595,2920952,1,25,24,0.214526
570,7970641,135449157,1,25,23.99,1.73766
571,14725435,1933179,1,25,23.94,1.09652
572,26671632,935724,1,25,23.88,0.543247
573,26725782,1885341,1,25,23.87,0.634766
574,17510110,16481195,1,25,23.81,1.82411
575,17504480,1098386,1,25,23.79,0.410524
576,24813235,1262919,1,25,23.78,0.865007
577,22401414,2472415,1,24,23.76,0.732505
578,26725831,135486010,1,24,23.75,0.840013
579,24779236,1452565,1,24,23.67,0.550453
580,11532888,10187,1,24,23.63,0.667096
581,47203249,23724341,1,24,23.6,1.83991
582,24841208,4372318,1,24,23.6,0.975214
583,17416387,2960231,1,24,23.59,0.669042
584,22402536,6218884,1,24,23.55,0.228854
585,49819229,1257066,1,24,23.54,2.17777
586,860690,661967,1,24,23.54,0.77828
587,46501026,23640943,1,24,23.49,0.287174
588,24802648,5457144,1,24,23.48,1.07248
589,51088974,2051169,1,24,23.47,2.09756
590,49641498,3136125,1,24,23.45,1.14771
591,24781177,9511427,1,24,23.43,1.22094
592,26726318,873296,1,24,23.42,1.24861
593,24822776,3340824,1,24,23.41,0.281226
594,26663912,16472035,1,24,23.4,0.774689
595,49671995,2740175,1,24,23.38,0.571059
596,49680824,4432459,1,24,23.37,1.46276
597,26732015,16746210,1,24,23.32,0.134079
598,17388187,856007,1,24,23.27,0.76732
599,49824404,24818748,1,24,23.26,0.238281
600,4258494,314836,1,24,23.26,1.50819
601,26663861,930136,1,24,23.25,0.743468
602,4250431,3244243,1,24,23.24,0.283267
603,14730621,1016780,1,24,23.24,2.09732
604,49728511,3146524,1,24,23.24,0.220671
605,24803264,2929884,1,24,23.21,0.393317
606,24788570,975008,1,24,23.13,0.655517
607,24790214,3157592,1,24,23.12,0.753307
608,17514333,4167927,1,24,23.11,2.32189
609,17385668,2469982,1,24,23.1,0.411277
610,17388269,135490310,1,24,23.09,0.714371
611,49670299,23885215,1,24,23.08,1.14326
612,49678828,1974579,1,24,23.06,1.18305
613,49671743,2818874,1,24,23.04,1.87003
614,4249752,2155640,1,24,23.01,0.712835
615,17509723,6079611,1,24,22.92,0.885967
616,24817579,1470718,1,24,22.9,1.68531
617,26658891,9635730,1,24,22.86,1.71789
618,24840960,660800,1,24,22.84,0.221886
619,51086396,86261568,1,24,22.84,1.22515
620,24707886,5459612,1,24,22.84,1.33869
621,49643893,135443118,1,24,22.84,1.3948
622,24788828,4614366,1,23,22.78,1.45422
623,17505831,1557000,1,23,22.78,0.959865
624,47202854,2868262,1,23,22.72,2.31285
625,24814496,16194382,1,23,22.69,0.400517
626,57260290,16318005,1,23,22.69,1.42972
627,22406154,135521586,1,23,22.67,1.26029
628,49736480,20970638,1,23,22.64,0.856311
629,24783281,5055219,1,23,22.63,0.896257
630,864226,665473,1,23,22.59,0.667052
631,24788843,16189371,1,23,22.53,0.893863
632,17401701,1400145,1,23,22.51,0.669525
633,49725445,135547154,1,23,22.49,0.418709
634,17415547,2896669,1,23,22.48,0.404845
635,26658144,3525904,1,23,22.47,0.83143
636,49825843,24819045,1,23,22.47,1.31777
637,47199420,6470719,1,23,22.47,1.53023
638,51087146,24892212,1,23,22.46,0.542592
639,24835365,5201260,1,23,22.4,0.116508
640,24790036,3345839,1,23,22.3,1.60387
641,24821734,5881608,1,23,22.3,0.957332
642,24813032,16012013,1,23,22.3,1.58874
643,17408321,1143072,1,23,22.29,0.675557
644,17410999,2766182,1,23,22.25,0.013711
645,26725927,1883114,1,23,22.21,1.23349
646,56436644,3598,1,23,22.16,1.29361
647,26661703,135641513,1,23,22.15,2.71724
648,7974362,2887381,1,23,22.15,1.23916
649,17508709,5760474,1,23,22.14,1.31216
650,16952483,3500086,1,23,22.12,2.18661
651,56315608,7485399,1,23,22.1,0.805301
652,51089742,56642851,1,23,22.06,0.582678
653,851150,653711,1,23,21.98,0.549777
654,56436770,24978564,1,23,21.95,1.5367
655,17387017,9582547,1,23,21.89,1.93093
656,49817358,4310690,1,23,21.89,1.46482
657,17432537,5732023,1,22,21.87,0.66082
658,17432482,5735338,1,22,21.84,0.830479
659,49735388,135584548,1,22,21.79,1.16686
660,22413560,2939231,1,22,21.75,0.680615
661,49735070,16033090,1,22,21.74,1.16898
662,14734500,9550608,1,22,21.74,2.1377
663,4248131,2155639,1,22,21.72,0.75345
664,26659331,5911247,1,22,21.71,0.65684
665,14743503,9551861,1,22,21.69,1.28501
666,49642182,54690421,1,22,21.66,1.05285
667,26661488,1994456,1,22,21.62,0.490158
668,847814,378227,1,22,21.6,0.62949
669,848817,651270,1,22,21.6,1.45578
670,845298,135401746,1,22,21.47,0.514634
671,51089937,18575109,1,22,21.47,1.49525
672,49647168,24747653,1,22,21.47,0.531904
673,49680261,7295526,1,22,21.44,0.56094
674,46500260,16759505,1,22,21.43,0.78643
675,22410682,2336835,1,22,21.42,0.869169
676,17387367,9679865,1,22,21.41,0.550349
677,56423591,3152775,1,22,21.4,0.701254
678,24796752,2977478,1,22,21.4,0.209739
679,26670449,4880352,1,22,21.34,1.01315
680,17415858,2265848,1,22,21.31,0.782825
681,49665399,2857627,1,22,21.28,0.642372
682,22401393,2388570,1,22,21.27,1.10629
683,26670662,135675926,1,22,21.26,0.620257
684,4263637,727030,1,22,21.24,1.16132
685,24797027,4139598,1,22,21.23,1.5112
686,24707844,5461698,1,22,21.22,1.41713
687,49820701,6885722,1,22,21.22,1.37123
688,49643115,3129251,1,22,21.22,0.206663
689,22407702,2410681,1,22,21.2,1.13388
690,49646105,17584764,1,22,21.19,0.853959
691,22405512,5281600,1,22,21.14,0.317213
692,22402401,2139920,1,22,21.13,0.985849
693,24782389,1247109,1,22,21.12,3.70577
694,24816081,2155677,1,22,21.08,1.17866
695,49644794,135547301,1,22,21.06,0.567015
696,22404884,7125637,1,22,21.03,0.501205
697,56463403,16656499,1,22,21.03,0.557098
698,24822583,135439693,1,22,21,0.636025
699,49643548,3129247,1,22,20.98,2.22096
700,51089350,3244121,1,22,20.95,1.07282
701,17509482,9582686,1,22,20.95,0.064354
702,51087339,7533289,1,21,20.9,1.07661
703,24802767,54690419,1,21,20.89,1.32148
704,3715341,2999163,1,21,20.89,0.966334
705,47200940,2921215,1,21,20.88,0.736826
706,17433283,5737176,1,21,20.87,0.161015
707,14729297,2978810,1,21,20.87,1.13998
708,49644544,3136126,1,21,20.86,1.16177
709,17510985,2272534,1,21,20.85,1.01771
710,49729830,24792739,1,21,20.84,1.94401
711,57267619,2483502,1,21,20.83,1.93358
712,864026,665278,1,21,20.81,1.46353
713,22409064,4263285,1,21,20.8,0.50119
714,24784057,135460497,1,21,20.78,0.81875
715,26727052,2736413,1,21,20.76,0.586878
716,49668676,5833956,1,21,20.76,1.28595
717,49724201,135693215,1,21,20.75,0.840661
718,17409013,135431504,1,21,20.73,1.12086
719,85147433,44143212,1,21,20.73,1.17638
720,49818987,2917753,1,21,20.72,1.31735
721,49645139,1240200,1,21,20.71,0.544572
722,49816641,2917979,1,21,20.7,0.614262
723,847271,649670,1,21,20.64,0.976739
724,26671496,5728920,1,21,20.58,0.757742
725,47201525,2868184,1,21,20.57,1.76046
726,47201882,6469408,1,21,20.55,1.15786
727,49818906,135421588,1,21,20.51,0.502473
728,49734774,135477530,1,21,20.47,0.918727
729,24781705,3430781,1,21,20.42,0.412288
730,24812949,16193844,1,21,20.4,0.739208
731,49673496,16244947,1,21,20.39,1.68167
732,17414055,1833849,1,21,20.38,1.16706
733,47199642,6470252,1,21,20.36,0.40365
734,49821178,3257365,1,21,20.33,0.219068
735,24824827,16195782,1,21,20.33,0.261344
736,4244250,3238872,1,21,20.33,0.636729
737,26661307,4008175,1,21,20.3,0.906738
738,14741756,135512329,1,21,20.29,0.143258
739,24814895,3864422,1,21,20.26,1.287
740,49641190,135421709,1,21,20.26,0.391495
741,17511317,12005499,1,21,20.24,1.81816
742,24786874,135460556,1,21,20.21,1.13818
743,49643007,2876611,1,21,20.2,1.05787
744,51090609,3629579,1,21,20.2,0.784439
745,3713089,135415440,1,21,20.18,1.60541
746,26664931,314836,1,21,20.14,0.639566
747,51089673,24892478,1,21,20.13,0.636435
748,17388268,1552137,1,21,20.11,0.905053
749,26670615,3590942,1,21,20.11,0.394048
750,4250343,2155641,1,21,20.1,1.04461
751,56422432,65495,1,21,20.07,1.21726
752,24803500,1360981,1,21,20.05,1.47626
753,24791454,1971968,1,21,20.02,1.00818
754,17407001,11958397,1,20,19.97,0.763022
755,11532962,5312126,1,20,19.93,1.77194
756,26658095,2488108,1,20,19.9,0.617994
757,17514471,1646829,1,20,19.88,0.985525
758,24708121,5459641,1,20,19.87,0.913457
759,24816303,4097142,1,20,19.85,0.515339
760,855519,68589,1,20,19.78,0.610382
761,46500239,16759835,1,20,19.78,0.891998
762,24816346,7190532,1,20,19.75,0.704965
763,49642892,2920814,1,20,19.7,1.00491
764,24804153,798561,1,20,19.7,1.10036
765,855768,54675779,1,20,19.67,1.11444
766,26671063,135494520,1,20,19.64,0.444803
767,47199040,6466620,1,20,19.6,0.317144
768,49673957,2315524,1,20,19.59,0.573493
769,14722073,1084688,1,20,19.59,0.74319
770,22402475,4092119,1,20,19.59,0.588486
771,7978354,1119557,1,20,19.58,1.20463
772,4252099,3245694,1,20,19.52,0.432057
773,51089019,16441040,1,20,19.5,0.384139
774,3714959,6602929,1,20,19.5,1.1178
775,49730938,20923743,1,20,19.48,0.381603
776,17409659,1471640,1,20,19.47,2.297
777,17408621,9594695,1,20,19.45,0.780627
778,17401955,11957229,1,20,19.43,0.770358
779,17515824,12006167,1,20,19.43,1.83481
780,49823294,6155246,1,20,19.41,0.631499
781,49714034,24789411,1,20,19.39,1.88904
782,24780175,9593907,1,20,19.39,1.19787
783,46500578,23640928,1,20,19.36,0.687274
784,22412049,6292691,1,20,19.34,2.65357
785,49642369,3129252,1,20,19.34,0.776525
786,3714096,2998666,1,20,19.33,0.236387
787,22410780,4128964,1,20,19.25,2.4833
788,49827535,1371285,1,20,19.22,1.19482
789,49724093,54706027,1,20,19.2,0.90325
790,26670661,135607695,1,20,19.18,2.21874
791,26665854,67277,1,20,19.18,1.46258
792,14739172,5730206,1,20,19.17,0.44446
793,17511246,3899554,1,20,19.17,0.623193
794,24812305,4670108,1,20,19.14,0.885723
795,4262254,1178171,1,20,19.14,0.359925
796,22400466,5180537,1,20,19.13,0.173959
797,17506050,1383822,1,20,19.12,1.04859
798,851926,654532,1,20,19.09,1.2027
799,3713285,2998355,1,20,19.08,1.07532
800,49673494,16244880,1,20,19.07,1.46577
801,49668679,6019408,1,20,19.05,1.34163
802,51085161,24891862,1,20,19.05,0.794834
803,22401588,2517431,1,20,19.04,0.667339
804,26725760,9636047,1,19,18.97,0.542863
805,17416012,5348132,1,19,18.97,0.449361
806,49815787,24816504,1,19,18.96,1.61307
807,26668921,2145570,1,19,18.96,1.20745
808,17515823,12006166,1,19,18.95,1.00975
809,14731629,1314869,1,19,18.95,1.14205
810,24796382,2973911,1,19,18.92,0.577233
811,17412383,1931116,1,19,18.92,0.985009
812,22416671,2966178,1,19,18.92,1.32804
813,49731967,3616901,1,19,18.89,1.28851
814,17407898,1176289,1,19,18.88,0.604787
815,51089765,18567584,1,19,18.85,0.461651
816,24784709,5035618,1,19,18.83,0.560684
817,26660015,3771682,1,19,18.81,0.931363
818,49649577,5731702,1,19,18.74,1.46784
819,14734630,5738419,1,19,18.71,0.462403
820,49716148,24789781,1,19,18.69,1.0504
821,22402727,1862100,1,19,18.68,1.17435
822,24816092,2051141,1,19,18.67,0.781271
823,47199023,6466302,1,19,18.64,0.831938
824,17505019,3723524,1,19,18.64,1.77677
825,49676706,4586109,1,19,18.64,1.03269
826,47203827,135514411,1,19,18.63,0.255198
827,24816466,2155644,1,19,18.62,0.376385
828,26661544,2545377,1,19,18.58,0.641383
829,17505469,4547196,1,19,18.52,0.714529
830,24816144,5058585,1,19,18.49,1.81881
831,17433792,1308620,1,19,18.48,2.56321
832,24823324,4117484,1,19,18.46,0.453168
833,24797173,2975144,1,19,18.42,1.0804
834,14741663,3827459,1,19,18.41,0.297425
835,57264772,16319236,1,19,18.39,0.914184
836,49643092,54679655,1,19,18.38,1.12967
837,864475,665720,1,19,18.37,0.457865
838,24791501,135433227,1,19,18.36,0.315573
839,56463710,3760,1,19,18.36,0.455439
840,26671323,1382255,1,19,18.35,0.526131
841,49725002,24792258,1,19,18.33,0.478661
842,24795110,2887396,1,19,18.33,1.07056
843,49649301,5731541,1,19,18.32,1.28187
844,49724095,54686339,1,19,18.31,1.44662
845,7970946,2104451,1,19,18.27,1.2077
846,24815040,135472807,1,19,18.27,1.21737
847,14723416,1078574,1,19,18.23,2.01388
848,17406905,4431114,1,19,18.19,0.518421
849,56463790,16656471,1,19,18.18,0.853615
850,17505964,12004640,1,19,18.17,0.255417
851,49643547,3129243,1,19,18.16,1.39996
852,24823350,135404087,1,19,18.13,1.40665
853,49680748,2335790,1,19,18.12,0.554715
854,17386181,2319222,1,19,18.12,0.698349
855,49728509,1435125,1,19,18.08,0.831473
856,17401304,900922,1,18,18.07,1.98526
857,26669382,135580294,1,18,18.04,0.604704
858,4246691,2057778,1,18,18.01,0.835185
859,49722755,16018022,1,18,17.99,2.02717
860,24793745,2167819,1,18,17.98,1.15436
861,49734628,135616988,1,18,17.89,1.86639
862,26658237,135527333,1,18,17.88,0.553901
863,17513888,6355971,1,18,17.87,1.44097
864,26726549,2737419,1,18,17.85,0.555948
865,17515726,2138646,1,18,17.85,0.233394
866,24829770,9642180,1,18,17.84,1.06982
867,47199582,6464718,1,18,17.77,0.33851
868,17514061,9638453,1,18,17.76,0.715976
869,22411105,135401294,1,18,17.73,0.493393
870,24824953,16195842,1,18,17.68,0.32614
871,4240960,3235998,1,18,17.64,0.209471
872,24780194,3132761,1,18,17.64,2.2238
873,22405544,4880266,1,18,17.62,0.914951
874,22410573,135401269,1,18,17.59,0.535502
875,24823502,6010977,1,18,17.57,0.658772
876,17410572,5442636,1,18,17.57,0.664749
877,7972661,2875653,1,18,17.55,0.491284
878,14741995,1863987,1,18,17.52,0.952077
879,24835564,812092,1,18,17.52,0.472947
880,24806060,2927361,1,18,17.5,0.620052
881,49648964,1477271,1,18,17.5,0.945462
882,17516515,9654203,1,18,17.49,0.909393
883,7977141,1378646,1,18,17.43,1.04329
884,17387939,1801434,1,18,17.42,0.994289
885,49674073,9624156,1,18,17.38,0.869965
886,26726423,2774384,1,18,17.38,0.5055
887,26658948,135520808,1,18,17.37,0.584979
888,50085759,5181542,1,18,17.35,1.29191
889,17508481,9590384,1,18,17.35,0.666164
890,24840405,16196935,1,18,17.33,1.30655
891,49646756,1957047,1,18,17.32,0.469346
892,26724950,11949201,1,18,17.31,1.44087
893,17433744,2929846,1,18,17.3,0.57438
894,49671429,5920337,1,18,17.28,0.344841
895,14721281,1933256,1,18,17.27,0.70069
896,17416193,9586497,1,18,17.26,2.22267
897,26657454,4374898,1,18,17.17,1.01031
898,17432992,135425047,1,18,17.13,0.254242
899,17506869,2944508,1,17,17.1,0.614026
900,26732040,16746233,1,17,17.03,0.424067
901,24783034,16188025,1,17,17.02,1.31319
902,17504188,12004477,1,17,17,0.485576
903,14725635,634713,1,17,17,1.12481
904,24822947,6619798,1,17,16.98,1.11449
905,49715395,4193386,1,17,16.91,1.33527
906,49817840,2908438,1,17,16.9,0.822807
907,26661420,812102,1,17,16.88,1.65579
908,51085112,24891772,1,17,16.88,0.815938
909,24787474,1882305,1,17,16.87,0.524401
910,26670826,6891709,1,17,16.86,0.527297
911,3712407,2127774,1,17,16.81,2.06656
912,49666843,5730138,1,17,16.79,0.416029
913,26664947,54677920,1,17,16.77,2.18068
914,26725069,11949176,1,17,16.75,1.2768
915,49643982,3119316,1,17,16.75,0.254701
916,3716549,2122162,1,17,16.74,1.60683
917,22412026,3473189,1,17,16.73,0.728559
918,14746996,2354167,1,17,16.71,0.952609
919,24791885,2318621,1,17,16.7,0.969083
920,49670721,1608674,1,17,16.69,1.02116
921,49735129,135616992,1,17,16.68,0.491491
922,49825399,1334360,1,17,16.65,1.54469
923,57260767,16319238,1,17,16.64,0.435576
924,24817677,3849120,1,17,16.64,0.624824
925,14746067,5431927,1,17,16.62,2.42479
926,49731718,20957386,1,17,16.61,0.646119
927,14741969,9625759,1,17,16.6,1.26249
928,47198331,6465863,1,17,16.58,0.913262
929,14741803,6884009,1,17,16.55,1.87412
930,26666180,72512,1,17,16.52,1.55506
931,24791458,135433216,1,17,16.52,0.811809
932,7968513,5309448,1,17,16.51,0.773416
933,24824214,5187457,1,17,16.48,0.995119
934,4250322,2141383,1,17,16.48,1.30428
935,17433747,2929633,1,17,16.47,0.697638
936,7967821,666162,1,17,16.45,1.41145
937,47198954,6467951,1,17,16.45,0.809518
938,49667875,5730217,1,17,16.43,1.62989
939,17509141,1721018,1,17,16.43,0.88158
940,24806855,5346523,1,17,16.39,0.295116
941,49714709,135437688,1,17,16.39,0.540618
942,14734594,2828115,1,17,16.36,0.717943
943,17508307,54681790,1,17,16.35,1.56234
944,49731854,5824720,1,17,16.35,0.934835
945,22400987,2373067,1,17,16.33,0.747714
946,17416248,1906006,1,17,16.3,0.153126
947,17508054,3228917,1,17,16.27,0.432274
948,49680400,9404501,1,17,16.27,1.1296
949,49716262,5989040,1,17,16.26,1.26676
950,50086359,4669114,1,17,16.25,0.583745
951,51085271,4294966,1,17,16.24,0.679078
952,17401700,1400670,1,17,16.23,0.735008
953,26663664,929925,1,17,16.22,1.13455
954,22408702,2565369,1,17,16.2,0.98351
955,49821389,1225752,1,17,16.19,0.202261
956,47201526,23724249,1,16,16.12,0.653857
957,22405719,15945076,1,16,16.1,0.475217
958,17432669,2921187,1,16,16.07,0.969311
959,7975124,704725,1,16,16.07,1.17373
960,17516411,2335047,1,16,16.07,1.41774
961,862934,664173,1,16,16.07,0.926351
962,26659019,4860409,1,16,16.05,1.36489
963,49729463,1580366,1,16,16.03,0.598251
964,49668801,135745100,1,16,16.02,0.973972
965,49644557,135408537,1,16,16.01,1.01592
966,26661614,9612405,1,16,15.98,0.432795
967,17415629,2914243,1,16,15.97,1.64128
968,24839345,2545473,1,16,15.97,1.76693
969,22410743,9610559,1,16,15.97,0.88542
970,26657985,10414856,1,16,15.96,1.69341
971,22404932,135431513,1,16,15.94,0.820857
972,26731965,16746164,1,16,15.93,0.397655
973,22401755,1335166,1,16,15.9,1.69089
974,860748,5389437,1,16,15.9,0.768044
975,22400955,2360361,1,16,15.89,0.241268
976,47201770,23724261,1,16,15.86,0.744943
977,51087566,16805989,1,16,15.84,0.916384
978,47195482,300557,1,16,15.83,1.00285
979,50086472,4905842,1,16,15.83,1.57808
980,24806657,782475,1,16,15.81,0.274052
981,49666794,2885134,1,16,15.8,1.99831
982,4251333,3245034,1,16,15.78,0.420729
983,26658847,3367190,1,16,15.74,0.888788
984,46500196,16759691,1,16,15.71,1.23126
985,14743168,1846661,1,16,15.66,0.104873
986,17385775,6892904,1,16,15.64,0.592078
987,49643662,9564308,1,16,15.58,1.40181
988,56463422,25102633,1,16,15.58,0.811213
989,56463724,16656173,1,16,15.55,0.868178
990,49673136,6213405,1,16,15.54,0.660355
991,49817393,24816794,1,16,15.51,1.09104
992,49681083,135461520,1,16,15.46,1.14992
993,24779602,3449125,1,16,15.44,0.776005
994,4248740,3242778,1,16,15.43,0.905395
995,49669883,5735740,1,16,15.42,0.186882
996,49665229,1075777,1,16,15.41,0.332997
997,47197416,2966064,1,16,15.36,0.711394
998,49726110,135417736,1,16,15.35,0.220367
999,852042,654648,1,16,15.32,1.27888
1000,7972876,795681,1,16,15.28,0.920011
1001,14746705,3361499,1,16,15.27,2.05829
1002,24820351,1087037,1,16,15.25,1.0065
1003,49724844,4267904,1,16,15.23,0.732252
1004,24833236,4000672,1,15,15.21,0.930607
1005,24786534,1319878,1,15,15.19,1.37914
1006,24779601,4109598,1,15,15.19,1.06631
1007,14738380,6619771,1,15,15.17,1.9555
1008,14740809,17573032,0,15,15.15,1.13697
1009,56323659,12303047,0,15,15.07,1.51735
1010,26725535,16745757,0,15,15.05,0.560048
1011,56422785,23687509,0,15,15.03,1.57018
1012,49816050,1934982,0,15,15.02,0.380416
1013,17507765,3138233,0,15,14.92,1.06373
1014,26731937,16746136,0,15,14.92,1.58447
1015,26732014,16746209,0,15,14.91,1.17335
1016,14734026,2930286,0,15,14.91,1.34793
1017,49727106,54679944,0,15,14.91,2.03126
1018,24807031,2908640,0,15,14.9,0.993162
1019,17386615,3416015,0,15,14.88,0.648871
1020,26724165,16745378,0,15,14.85,1.53799
1021,56436672,24983210,0,15,14.81,0.552587
1022,26660123,1917463,0,15,14.81,1.11611
1023,24791712,2083663,0,15,14.75,2.74186
1024,17508215,1933208,0,15,14.74,0.531889
1025,49649238,5731619,0,15,14.74,0.757403
1026,17511256,135517022,0,15,14.73,1.10729
1027,4263992,1295396,0,15,14.72,1.09347
1028,14728149,3957204,0,15,14.71,0.954557
1029,24824397,3833882,0,15,14.68,0.414425
1030,51085148,24891836,0,15,14.68,1.68819
1031,17415479,1365360,0,15,14.67,0.278556
1032,16953032,3347676,0,15,14.67,1.33074
1033,24782347,135460460,0,15,14.65,0.179129
1034,22411460,6141196,0,15,14.65,1.16089
1035,3711154,2532303,0,15,14.63,1.29968
1036,22410552,6905314,0,15,14.58,2.47988
1037,57262600,4680203,0,15,14.55,1.01409
1038,864043,665294,0,15,14.52,0.933591
1039,49727368,3108627,0,15,14.51,0.649341
1040,22410161,2541006,0,15,14.44,0.597407
1041,24802753,1160074,0,15,14.42,1.61502
1042,22411726,15945492,0,15,14.38,0.796927
1043,47199707,6470484,0,15,14.36,0.861248
1044,24838007,2452631,0,15,14.33,1.03498
1045,49667036,2264352,0,15,14.3,1.84371
1046,47194318,135536260,0,15,14.3,0.119706
1047,49679361,135829861,0,14,14.26,0.785236
1048,26661419,135416637,0,14,14.26,1.22703
1049,49679877,3728472,0,14,14.25,1.32622
1050,26659632,16681912,0,14,14.24,1.12772
1051,22400936,2715914,0,14,14.24,1.05494
1052,26661304,2111418,0,14,14.24,0.393759
1053,14742340,6393068,0,14,14.24,0.665864
1054,24781734,9638721,0,14,14.2,0.57575
1055,50086383,4908738,0,14,14.19,1.70901
1056,26665710,135403797,0,14,14.13,1.00452
1057,49666270,135441013,0,14,14.09,1.02797
1058,17386149,1752641,0,14,14.07,0.905207
1059,24837000,4090679,0,14,14.07,0.618991
1060,24835521,9654850,0,14,14.04,1.88397
1061,24823747,16195561,0,14,13.99,0.499293
1062,49728348,54679611,0,14,13.91,0.98864
1063,50085763,3566285,0,14,13.88,0.996823
1064,22411020,3650002,0,14,13.83,0.585472
1065,56422437,54740927,0,14,13.82,0.705732
1066,26663657,4890044,0,14,13.79,1.54385
1067,26671036,135432807,0,14,13.77,0.996687
1068,49670373,674819,0,14,13.75,1.40542
1069,17415532,2954679,0,14,13.68,0.320287
1070,22409089,3431315,0,14,13.65,1.65994
1071,47200478,135613280,0,14,13.63,0.635328
1072,14722947,135459623,0,14,13.62,1.69147
1073,17513990,3876995,0,14,13.62,1.7452
1074,24834908,5095822,0,14,13.61,0.617538
1075,22416035,2910633,0,14,13.6,0.680727
1076,56463735,25102738,0,14,13.58,0.683107
1077,26666944,5953984,0,14,13.55,1.24304
1078,26731983,16746182,0,14,13.55,1.31858
1079,22416982,1321377,0,14,13.48,0.894356
1080,56436779,24983085,0,14,13.45,1.91568
1081,51085733,135853372,0,14,13.45,1.79788
1082,14743266,4888547,0,14,13.38,0.735651
1083,17386594,3484193,0,14,13.33,0.0931201
1084,3713889,2088447,0,13,13.28,0.490548
1085,46500258,16759502,0,13,13.26,1.34324
1086,17433727,2200159,0,13,13.26,0.750217
1087,49733445,135451230,0,13,13.26,2.0115
1088,49734211,2908742,0,13,13.24,1.10123
1089,17511245,2928413,0,13,13.23,0.673771
1090,17409522,3773766,0,13,13.22,0.383646
1091,17408998,6875023,0,13,13.22,0.581085
1092,17387597,1036385,0,13,13.21,1.57522
1093,47195632,5018453,0,13,13.17,1.44435
1094,17515561,12006071,0,13,13.17,0.859836
1095,24823750,16195562,0,13,13.13,0.0718287
1096,50085976,12303047,0,13,13.11,1.49986
1097,26725881,6393804,0,13,13.1,2.65818
1098,14745657,2434862,0,13,13.09,1.59565
1099,17401933,11957214,0,13,13.07,1.24942
1100,17515542,3656804,0,13,13.07,0.970081
1101,7966763,5308428,0,13,13.02,0.752445
1102,26729148,2816464,0,13,12.98,0.420309
1103,22402455,9532258,0,13,12.98,0.503518
1104,49643012,3129244,0,13,12.94,0.996573
1105,14728372,5190981,0,13,12.88,1.28162
1106,26658131,2466262,0,13,12.86,1.00312
1107,49681028,54691678,0,13,12.86,0.527204
1108,47198625,6468742,0,13,12.85,0.933829
1109,49715903,24789743,0,13,12.84,0.990673
1110,22402400,1619027,0,13,12.83,0.964281
1111,51090715,23704906,0,13,12.83,0.836703
1112,49671662,7481245,0,13,12.8,1.26157
1113,49679964,3555482,0,13,12.8,0.900751
1114,49641795,24746830,0,13,12.79,0.751127
1115,24824230,16195670,0,13,12.76,0.445628
1116,22402225,6619097,0,13,12.75,0.311165
1117,26728388,16745957,0,13,12.75,1.85701
1118,17431898,1893706,0,13,12.75,0.346669
1119,49828608,24820022,0,13,12.73,0.475381
1120,17513445,7010816,0,13,12.72,1.00338
1121,14732978,3494575,0,13,12.71,0.958769
1122,49680422,75522,0,13,12.68,1.06549
1123,17408898,5771180,0,13,12.62,1.14231
1124,17515821,12006164,0,13,12.57,0.216493
1125,3717704,2649849,0,13,12.56,0.581481
1126,24816321,7190549,0,13,12.51,1.75795
1127,17517096,4440170,0,13,12.49,0.975624
1128,51090781,4294965,0,13,12.48,1.50861
1129,56463407,16656087,0,13,12.47,3.06371
1130,56436776,24978563,0,13,12.46,1.54163
1131,47196602,135509387,0,13,12.43,1.63763
1132,24810520,16002336,0,13,12.43,0.378588
1133,17505365,1557001,0,13,12.42,0.899929
1134,47199060,6468273,0,12,12.35,1.53222
1135,14727874,4995824,0,12,12.33,1.06051
1136,17515326,9676586,0,12,12.32,1.37561
1137,56315673,7998465,0,12,12.29,1.08624
1138,17385900,2553288,0,12,12.29,0.810765
1139,56463418,25102629,0,12,12.28,0.441001
1140,14741061,4885943,0,12,12.25,0.623562
1141,49670458,135816287,0,12,12.25,1.28805
1142,26724307,4612059,0,12,12.21,0.501384
1143,7977626,1101504,0,12,12.18,0.440904
1144,49723036,22551900,0,12,12.17,3.10005
1145,24801591,5392003,0,12,12.15,0.289337
1146,56463420,25102631,0,12,12.1,1.03852
1147,17504016,2922056,0,12,12.1,1.79171
1148,49679331,9689730,0,12,12.1,0.36608
1149,26670577,2385808,0,12,12.08,1.09417
1150,17509732,20846827,0,12,12.08,1.21658
1151,22402425,4683339,0,12,11.97,2.08236
1152,3715846,2999372,0,12,11.96,14.4474
1153,49824791,3662236,0,12,11.96,1.35709
1154,17407418,11958641,0,12,11.9,1.03346
1155,49675944,16246283,0,12,11.88,0.19363
1156,17409159,135511001,0,12,11.87,1.62191
1157,56463412,25102624,0,12,11.85,1.605
1158,47199083,6465170,0,12,11.84,1.41218
1159,17401601,11957154,0,12,11.84,2.07021
1160,49646832,1498490,0,12,11.84,1.2463
1161,17503974,1987175,0,12,11.82,0.499416
1162,22415030,6164100,0,12,11.81,0.641373
1163,17387294,990305,0,12,11.8,0.577409
1164,4260844,1080599,0,12,11.77,0.643623
1165,24790215,3157589,0,12,11.76,1.0814
1166,26659617,16681900,0,12,11.71,0.253381
1167,4263567,2859888,0,12,11.7,0.821415
1168,47199961,6469391,0,12,11.7,0.527427
1169,14731772,6619057,0,12,11.67,1.04385
1170,46500197,16759688,0,12,11.61,0.643928
1171,855601,2788,0,12,11.61,0.417351
1172,49726194,54675957,0,12,11.57,1.48861
1173,57264764,2483185,0,12,11.54,1.61257
1174,47194054,16654011,0,12,11.53,1.22404
1175,14730815,1331611,0,12,11.49,0.947528
1176,57264318,25163004,0,12,11.46,0.215037
1177,49675487,3878282,0,12,11.45,1.14136
1178,47202598,1389244,0,12,11.45,0.853501
1179,22404156,9586485,0,12,11.42,4.13084
1180,17505448,2174599,0,11,11.41,0.459178
1181,49668264,24761356,0,11,11.41,1.66129
1182,26667298,16682542,0,11,11.4,0.733241
1183,17413335,5734646,0,11,11.35,1.13072
1184,51085120,24891788,0,11,11.32,0.934234
1185,17408110,3147411,0,11,11.3,0.798975
1186,49719381,22576109,0,11,11.26,0.442254
1187,26661564,6224181,0,11,11.25,0.278413
1188,17513293,3861185,0,11,11.17,0.782596
1189,7966982,2141781,0,11,11.12,0.681566
1190,14738616,3420546,0,11,11.11,0.521678
1191,49649576,5731496,0,11,11.06,1.33193
1192,22403644,2367154,0,11,11.06,1.0563
1193,24833096,16196394,0,11,11.04,1.3208
1194,17409043,6874905,0,11,11.01,0.53752
1195,24795482,2887306,0,11,11.01,0.893328
1196,3715660,2999307,0,11,11.01,0.890297
1197,49713787,24789221,0,11,11,0.0914744
1198,49828298,5916262,0,11,10.99,1.62698
1199,3716284,2999544,0,11,10.99,2.29613
1200,26669474,9629711,0,11,10.99,2.30155
1201,24802256,2173003,0,11,10.97,0.798147
1202,24779880,2325417,0,11,10.92,1.12035
1203,49733271,965782,0,11,10.89,1.22522
1204,49647885,24747730,0,11,10.88,0.977529
1205,848018,650442,0,11,10.86,1.76654
1206,847039,649434,0,11,10.86,1.90735
1207,4264709,956509,0,11,10.85,1.32176
1208,16953966,4837190,0,11,10.85,0.330315
1209,49722038,135584551,0,11,10.83,1.3737
1210,4256508,1188014,0,11,10.83,1.53285
1211,24837982,5187118,0,11,10.81,2.33479
1212,49649013,1477249,0,11,10.8,0.67209
1213,847811,650226,0,11,10.77,1.18193
1214,47201143,1428955,0,11,10.69,0.892
1215,56423807,25102684,0,11,10.64,1.51717
1216,56320859,9642771,0,11,10.64,1.80258
1217,17433538,2286888,0,11,10.58,1.94823
1218,24813052,4170433,0,11,10.58,1.39766
1219,17414644,1294215,0,11,10.57,0.885493
1220,26671661,135643480,0,11,10.57,0.204334
1221,17513430,7358249,0,11,10.56,0.758647
1222,46500261,16759437,0,11,10.56,2.05503
1223,26670474,135685298,0,11,10.55,0.554589
1224,49817248,1923912,0,11,10.55,1.54653
1225,4249296,5771447,0,11,10.51,1.30539
1226,74373423,135871441,0,11,10.5,0.979837
1227,7973683,781698,0,11,10.48,0.512547
1228,47198863,6468517,0,10,10.46,1.05399
1229,17411822,5507531,0,10,10.45,1.36914
1230,49715905,24789747,0,10,10.44,0.43604
1231,17505203,5758223,0,10,10.44,2.60717
1232,22405111,6001017,0,10,10.4,1.79179
1233,24781182,135446468,0,10,10.4,0.869354
1234,17410579,1475529,0,10,10.39,0.732677
1235,24840205,2999016,0,10,10.39,0.703736
1236,49642935,56642860,0,10,10.36,2.21581
1237,24834298,4425299,0,10,10.35,1.31631
1238,14723425,1078576,0,10,10.31,1.29225
1239,26668905,2925160,0,10,10.28,0.622346
1240,49678796,1098408,0,10,10.27,1.69887
1241,14742527,3749369,0,10,10.27,1.40778
1242,22402919,2328009,0,10,10.22,1.10788
1243,22408053,4672968,0,10,10.2,1.52178
1244,47203115,1087370,0,10,10.2,1.13931
1245,17410838,1475530,0,10,10.13,0.999441
1246,49643008,2876731,0,10,10.12,2.04312
1247,26732016,16746211,0,10,10.1,0.433099
1248,24785040,2970895,0,10,10.09,1.6205
1249,17433868,2952998,0,10,10.08,0.263168
1250,56463387,16656470,0,10,10.06,1.0674
1251,49680993,54691673,0,10,10.06,0.485418
1252,14743419,1004422,0,10,10.05,1.14617
1253,26665023,383092,0,10,10.05,1.22258
1254,14724643,797247,0,10,10.04,1.36936
1255,26724137,16745336,0,10,10,30.5132
1256,7972728,6860069,0,10,9.96,0.600507
1257,16953229,4603044,0,10,9.94,0.881923
1258,24804278,5350934,0,10,9.93,0.71506
1259,26668795,1289866,0,10,9.91,0.40005
1260,22411034,3611470,0,10,9.88,1.36537
1261,22401308,135420789,0,10,9.88,0.0613644
1262,46500180,16759478,0,10,9.82,0.479401
1263,47198890,6468922,0,10,9.76,1.00519
1264,49726358,2218249,0,10,9.75,0.261131
1265,3712895,135415433,0,10,9.7,0.92507
1266,17505338,1107365,0,10,9.66,1.26879
1267,4255958,2887413,0,10,9.54,0.633346
1268,863590,664839,0,10,9.53,0.333862
1269,17507163,782316,0,9,9.48,0.188456
1270,17504849,135497963,0,9,9.45,0.874373
1271,22401049,4104731,0,9,9.38,1.67955
1272,49647829,24747725,0,9,9.38,0.972711
1273,49725270,1380195,0,9,9.36,0.860088
1274,22409498,6901770,0,9,9.35,1.45747
1275,47198750,6468925,0,9,9.33,0.871056
1276,14735049,1307587,0,9,9.31,1.34954
1277,17401871,6870053,0,9,9.3,0.689686
1278,49674234,16236314,0,9,9.3,0.865211
1279,4251092,3244822,0,9,9.28,1.18023
1280,863475,664729,0,9,9.28,1.69328
1281,49666674,4669039,0,9,9.27,2.51023
1282,14728684,6099523,0,9,9.26,0.651171
1283,17433410,135425056,0,9,9.26,0.357613
1284,51085127,24891802,0,9,9.26,0.512302
1285,22401762,2043610,0,9,9.25,1.7105
1286,24779959,840751,0,9,9.24,1.24701
1287,17387197,1764811,0,9,9.2,0.708346
1288,24832568,2360654,0,9,9.18,1.39257
1289,46500161,16759707,0,9,9.16,0.958115
1290,842816,135450608,0,9,9.12,1.67591
1291,47198606,6469175,0,9,9.11,0.70357
1292,49724037,20911432,0,9,9.09,2.59234
1293,14740154,2876479,0,9,9.05,1.20249
1294,24807195,9590748,0,9,9.03,0.780765
1295,17432518,5727347,0,9,9.01,0.670688
1296,24833235,763676,0,9,8.99,0.775154
1297,14745414,3962922,0,9,8.97,1.23536
1298,17414502,2174177,0,9,8.9,1.74938
1299,3714674,2571427,0,9,8.87,0.702061
1300,26731443,9583630,0,9,8.87,0.855745
1301,26666695,1833916,0,9,8.82,1.65566
1302,22406160,3930609,0,9,8.8,0.532466
1303,56436670,24978595,0,9,8.77,0.342456
1304,22411339,2576812,0,9,8.73,1.32702
1305,49679773,5349454,0,9,8.67,2.26592
1306,26658014,3612347,0,9,8.66,1.92832
1307,49645913,24747369,0,9,8.62,1.02484
1308,26671146,54678741,0,9,8.58,0.58442
1309,26725190,16745485,0,9,8.57,1.42364
1310,49679873,135614669,0,9,8.56,1.1705
1311,49667452,3390590,0,8,8.53,1.19476
1312,26669059,5771715,0,8,8.5,0.658408
1313,57263246,2443542,0,8,8.47,0.238483
1314,49647224,1905640,0,8,8.38,1.07154
1315,51087802,2051160,0,8,8.38,0.515832
1316,49723703,16021488,0,8,8.37,1.91762
1317,26725280,16745525,0,8,8.36,0.148049
1318,22405886,6529937,0,8,8.34,0.97999
1319,17433769,2212798,0,8,8.32,0.358918
1320,17508537,9594188,0,8,8.32,0.186201
1321,14738614,4348097,0,8,8.31,0.775661
1322,3715915,2594659,0,8,8.28,0.251169
1323,17414291,2868420,0,8,8.24,1.33142
1324,14745169,135431377,0,8,8.22,1.44163
1325,3711892,2352157,0,8,8.17,0.263693
1326,857641,658989,0,8,8.16,0.556645
1327,26667402,646644,0,8,8.16,0.290339
1328,49645105,5708215,0,8,8.16,0.356804
1329,49678988,135547306,0,8,8.15,0.830409
1330,56463619,5282106,0,8,8.14,0.677935
1331,57257227,25161462,0,8,8.1,1.06084
1332,51089634,24892464,0,8,8.1,0.401516
1333,22402306,4664178,0,8,8.07,1.22108
1334,14745466,3939641,0,8,8.06,1.38785
1335,49734933,4154497,0,8,8.06,0.617498
1336,26671179,1961588,0,8,8.05,1.83921
1337,14728272,1821710,0,8,8.05,1.5375
1338,14739036,1329592,0,8,8.01,1.15526
1339,56463155,54736625,0,8,8.01,1.49881
1340,17506113,12004646,0,8,7.97,0.225681
1341,22401559,6177940,0,8,7.94,1.70083
1342,24808048,2145489,0,8,7.92,0.6898
1343,17413694,2979065,0,8,7.91,0.394628
1344,851725,654318,0,8,7.91,0.838766
1345,24816679,7190540,0,8,7.87,0.92226
1346,46500146,16759508,0,8,7.78,0.789949
1347,14742942,1951731,0,8,7.76,1.71569
1348,22411481,2649899,0,8,7.76,0.493292
1349,857036,658395,0,8,7.76,0.793122
1350,24835178,5022015,0,8,7.7,0.250729
1351,49642690,5719375,0,8,7.69,1.01576
1352,26664517,224524,0,8,7.61,0.724534
1353,17401282,9584775,0,8,7.61,0.850017
1354,49828059,24819862,0,8,7.61,1.29604
1355,842290,644549,0,7,7.46,0.723353
1356,4260192,135509364,0,7,7.46,0.0581741
1357,49723788,20911635,0,7,7.42,0.577142
1358,14741896,4522020,0,7,7.39,0.736016
1359,56463093,5702238,0,7,7.33,1.85228
1360,26670282,2453346,0,7,7.32,1.56595
1361,49828559,11905954,0,7,7.31,0.506473
1362,26658636,54686942,0,7,7.27,0.520333
1363,56463024,54682932,0,7,7.26,2.38917
1364,26725179,16745474,0,7,7.18,1.35808
1365,864446,665693,0,7,7.13,0.449334
1366,49647737,3551106,0,7,7.11,2.80316
1367,17409116,135510996,0,7,7.09,0.526481
1368,26725064,11949215,0,7,7.09,1.15361
1369,24830710,764734,0,7,7.08,1.2989
1370,26668857,1161055,0,7,7.07,0.134556
1371,46500248,16759440,0,7,7.05,0.954747
1372,57255612,3573248,0,7,7.02,1.16299
1373,17388348,9615178,0,7,6.94,0.451837
1374,858562,659871,0,7,6.91,0.78139
1375,24836421,4240952,0,7,6.89,1.08529
1376,4247804,3241968,0,7,6.89,0.16888
1377,17407415,11958638,0,7,6.84,1.1872
1378,17409913,1485306,0,7,6.83,0.470572
1379,49640817,24746791,0,7,6.83,0.535458
1380,14742505,3738927,0,7,6.76,0.59506
1381,860550,661834,0,7,6.76,0.923361
1382,14737239,3439709,0,7,6.74,1.2804
1383,26670960,1819696,0,7,6.72,0.334817
1384,26658851,6515607,0,6,6.65,0.603453
1385,14741262,3409527,0,6,6.61,0.918997
1386,26732453,16060394,0,6,6.57,0.786432
1387,4250935,135485421,0,6,6.57,1.66301
1388,3713051,2585702,0,6,6.56,0.574586
1389,865232,666486,0,6,6.55,1.84175
1390,51085115,24891778,0,6,6.53,1.14194
1391,17514193,6230690,0,6,6.53,1.59337
1392,24779881,6904494,0,6,6.52,0.509798
1393,4258186,2213073,0,6,6.51,1.59122
1394,24833891,16196552,0,6,6.5,0.992866
1395,17408795,135431523,0,6,6.47,0.235788
1396,17516204,3873635,0,6,6.37,0.97124
1397,49731431,24792840,0,6,6.35,0.816334
1398,24803734,595272,0,6,6.34,1.04841
1399,26662906,6241261,0,6,6.33,0.843304
1400,24794962,1266101,0,6,6.3,0.474945
1401,14745913,6262269,0,6,6.29,1.9281
1402,17505048,3155724,0,6,6.26,1.0505
1403,14724369,3093479,0,6,6.21,0.789836
1404,4251940,2155619,0,6,6.14,0.465026
1405,22401482,15944783,0,6,6.06,1.18128
1406,49730053,54687089,0,6,6.04,1.97798
1407,26666206,1833641,0,6,5.97,1.3948
1408,56324350,16551099,0,6,5.93,0.6453
1409,49678914,24762004,0,6,5.92,0.630952
1410,861788,663015,0,6,5.9,2.3459
1411,56323408,24687719,0,6,5.89,0.92708
1412,26658134,5039185,0,6,5.87,0.777749
1413,24823404,3453217,0,6,5.85,0.843665
1414,14720891,2055089,0,6,5.85,0.0494131
1415,863868,665121,0,6,5.8,1.13951
1416,7971242,135449167,0,6,5.78,0.422778
1417,57265724,16326306,0,6,5.75,1.06501
1418,17517454,6899447,0,6,5.75,0.789618
1419,24805909,1800867,0,5,5.7,0.815156
1420,851427,653996,0,5,5.7,0.019213
1421,26724998,11949236,0,5,5.68,0.460574
1422,7968738,3436420,0,5,5.68,1.80732
1423,843725,646027,0,5,5.64,0.473083
1424,49723622,2965534,0,5,5.64,1.2168
1425,47203308,3136927,0,5,5.63,1.56386
1426,26731916,10949169,0,5,5.6,0.222159
1427,17514650,4184075,0,5,5.58,1.34527
1428,49716373,5322407,0,5,5.58,0.0948048
1429,17387323,3923934,0,5,5.53,1.53588
1430,17513471,6867866,0,5,5.52,1.12241
1431,11532882,2812,0,5,5.5,0.396426
1432,17402751,1482680,0,5,5.5,1.40101
1433,51085131,24891810,0,5,5.43,0.731863
1434,26666097,3845940,0,5,5.42,1.66475
1435,14727756,3320815,0,5,5.4,0.899039
1436,22415065,4189196,0,5,5.39,0.965417
1437,4257037,1083226,0,5,5.31,0.729474
1438,49648685,24747878,0,5,5.26,0.525733
1439,14745923,4312164,0,5,5.26,0.984491
1440,14741823,4371275,0,5,5.25,2.2966
1441,24784496,135460509,0,5,5.23,0.064101
1442,17409568,1489267,0,5,5.23,0.884674
1443,4261602,2204323,0,5,5.23,0.360794
1444,49733037,135417821,0,5,5.21,1.4223
1445,24791838,4595009,0,5,5.09,2.25117
1446,49716337,24789819,0,5,5.02,1.08472
1447,24810522,751394,0,5,5.01,1.72234
1448,24838306,3242292,0,5,5,1.73059
1449,26660513,3730114,0,5,4.99,0.839672
1450,51089817,24892529,0,5,4.96,1.74199
1451,22401069,2374745,0,5,4.96,0.652448
1452,56324718,9552079,0,5,4.96,3.8212
1453,47195762,584972,0,5,4.94,0.403413
1454,26725377,16745599,0,5,4.93,1.1029
1455,24793710,1287136,0,5,4.92,0.517055
1456,49715865,24789716,0,5,4.92,1.23959
1457,24783227,4056807,0,5,4.81,0.964049
1458,56316484,24979394,0,5,4.79,1.01126
1459,24819756,54678385,0,5,4.79,2.54534
1460,4263911,1259832,0,4,4.74,0.438567
1461,14727573,4232355,0,4,4.66,0.380332
1462,861763,5389627,0,4,4.65,0.564734
1463,14740248,5093386,0,4,4.62,0.589333
1464,14732995,4279066,0,4,4.59,0.595636
1465,17504509,690617,0,4,4.52,1.10385
1466,847763,135450653,0,4,4.5,1.45069
1467,85148532,44143874,0,4,4.48,0.77345
1468,47194045,620366,0,4,4.46,1.30665
1469,49640558,24746691,0,4,4.45,1.18838
1470,22411035,2458034,0,4,4.41,1.75954
1471,24786820,23704118,0,4,4.38,0.430224
1472,22401127,4323178,0,4,4.38,0.519308
1473,51089513,16822778,0,4,4.35,1.98279
1474,49719372,16029078,0,4,4.35,0.68571
1475,24779219,1155275,0,4,4.33,1.26836
1476,4262035,2211952,0,4,4.33,0.364698
1477,14725203,3142169,0,4,4.27,0.761838
1478,17432909,721060,0,4,4.23,0.507994
1479,14725833,826430,0,4,4.22,0.696108
1480,24801580,3708690,0,4,4.22,1.52778
1481,24779940,4381034,0,4,4.19,1.12779
1482,56319504,24980788,0,4,4.19,2.74895
1483,56317368,24979772,0,4,4.18,0.438779
1484,14741051,3287796,0,4,4.17,1.47841
1485,49643532,2865731,0,4,4.14,0.386109
1486,16952591,2529082,0,4,4.12,0.912085
1487,57267785,16322885,0,4,4.07,0.303358
1488,26670837,5912559,0,4,4.07,0.411854
1489,51085114,24891776,0,4,4.06,0.997501
1490,22400796,4120272,0,4,4.03,1.29466
1491,7973504,6860070,0,4,3.97,1.25436
1492,24829697,2343294,0,4,3.97,1.06256
1493,17386256,4457281,0,4,3.94,0.844268
1494,56436687,24978589,0,4,3.89,0.72843
1495,26728390,16745959,0,4,3.86,1.15821
1496,24820850,568367,0,3,3.79,0.876491
1497,56318671,16282246,0,3,3.79,0.89343
1498,17388171,2211247,0,3,3.78,0.70179
1499,14745523,4878352,0,3,3.76,1.37443
1500,17517350,2497167,0,3,3.73,1.19174
1501,847006,649401,0,3,3.65,1.89313
1502,17504619,12004523,0,3,3.63,1.5512
1503,24789061,6860001,0,3,3.57,2.81135
1504,17386347,11948776,0,3,3.54,1.39331
1505,51085118,24891784,0,3,3.51,0.239205
1506,4262308,2983680,0,3,3.51,1.09427
1507,4243176,2051224,0,3,3.48,0.556504
1508,26661365,135521994,0,3,3.48,1.86687
1509,56324858,24983145,0,3,3.47,0.784902
1510,14740492,2219141,0,3,3.45,1.28473
1511,17409786,1482682,0,3,3.44,1.11805
1512,26725396,16745618,0,3,3.44,1.621
1513,14737177,9550947,0,3,3.41,0.64756
1514,49645013,135547303,0,3,3.39,0.675598
1515,17401344,9725859,0,3,3.24,1.67621
1516,4255245,2975515,0,3,3.23,0.83069
1517,14719086,6019589,0,3,3.23,0.636776
1518,49675494,3549885,0,3,3.22,0.458755
1519,51087804,4363012,0,3,3.2,1.36909
1520,24708221,5461634,0,3,3.19,0.38234
1521,47195089,868938,0,3,3.12,1.06703
1522,4254563,709591,0,3,3.08,0.508103
1523,49729446,54691674,0,3,3.08,0.943919
1524,22403681,9565797,0,3,3,0.610114
1525,57259948,16321748,0,3,2.97,0.866532
1526,24816904,5079117,0,3,2.95,1.73928
1527,857194,658547,0,3,2.91,1.24941
1528,14723653,3103780,0,3,2.89,0.980286
1529,56323100,7998972,0,2,2.84,1.39458
1530,22406803,9688736,0,2,2.83,1.38447
1531,24826688,6364517,0,2,2.82,0.651222
1532,14718750,1202611,0,2,2.8,0.814164
1533,46501341,23641168,0,2,2.76,1.34462
1534,7970146,867947,0,2,2.75,0.979853
1535,14743956,2095932,0,2,2.7,0.713061
1536,14728488,6097366,0,2,2.7,0.712402
1537,4241357,3236343,0,2,2.69,1.24634
1538,49713722,24789156,0,2,2.63,1.04299
1539,49644046,3138504,0,2,2.61,0.466731
1540,49715901,24789739,0,2,2.61,1.10661
1541,17514294,4127757,0,2,2.59,0.913048
1542,14745129,4878538,0,2,2.59,0.58175
1543,4261968,1292700,0,2,2.52,1.53476
1544,26732564,247228,0,2,2.51,0.172856
1545,4259228,135468512,0,2,2.5,1.02725
1546,14729469,6404647,0,2,2.5,0.860186
1547,22405614,2408016,0,2,2.48,0.921022
1548,22407077,15945185,0,2,2.47,2.68483
1549,49733783,455264,0,2,2.45,0.75357
1550,14738857,2953526,0,2,2.43,1.02366
1551,14738307,9551374,0,2,2.38,0.24219
1552,56318324,24980268,0,2,2.36,0.644797
1553,24791415,135433211,0,2,2.32,2.01089
1554,17504315,12004490,0,2,2.24,0.0874574
1555,864278,665525,0,2,2.24,0.2739
1556,26725379,16745601,0,2,2.23,1.43618
1557,24840637,271296,0,2,2.23,0.938424
1558,24840963,658382,0,2,2.22,1.04352
1559,24837553,4370338,0,2,2.19,1.98426
1560,17413590,5345420,0,2,2.14,0.544444
1561,14724089,9549474,0,2,2.1,1.73232
1562,49674727,24761764,0,2,2.03,0.640384
1563,24835548,2502278,0,2,1.96,1.01612
1564,24823112,6623335,0,2,1.95,1.05073
1565,49646276,24746791,0,2,1.92,1.12829
1566,14720509,760604,0,2,1.92,0.338748
1567,49648268,17582529,0,1,1.9,0.212211
1568,26725192,16745487,0,1,1.87,1.52029
1569,51090808,18572141,0,1,1.85,2.27833
1570,22403364,15944943,0,1,1.82,0.103185
1571,17402019,11957254,0,1,1.82,3.21091
1572,26664026,3497737,0,1,1.81,1.64975
1573,85148936,44144130,0,1,1.78,1.21211
1574,26666807,72725,0,1,1.72,1.65122
1575,861705,5389615,0,1,1.7,1.23047
1576,14720688,135473386,0,1,1.67,0.620593
1577,14728076,1048530,0,1,1.65,1.8717
1578,17514067,9607470,0,1,1.65,0.615065
1579,49675632,3386722,0,1,1.64,0.830308
1580,17387421,11948839,0,1,1.64,1.63864
1581,17509120,5765817,0,1,1.6,0.494772
1582,24841603,16197091,0,1,1.6,0.464295
1583,17406775,9725759,0,1,1.53,1.41583
1584,51085513,4083470,0,1,1.49,0.718266
1585,22414722,1742678,0,1,1.47,0.423782
1586,49673720,5135167,0,1,1.43,0.983044
1587,24789165,5347179,0,1,1.43,1.0679
1588,56318555,16282702,0,1,1.41,0.740865
1589,14731482,1393517,0,1,1.39,1.28501
1590,17507348,3135909,0,1,1.35,2.34472
1591,49680941,54691675,0,1,1.34,0.397544
1592,3716900,2999799,0,1,1.31,0.509618
1593,26731944,16746143,0,1,1.3,1.38873
1594,26667378,1875260,0,1,1.3,0.798799
1595,49640984,18593578,0,1,1.25,0.600418
1596,50085995,135801425,0,1,1.16,0.624981
1597,14727531,691683,0,1,1.14,1.17208
1598,26657700,4175865,0,1,1.14,0.435363
1599,26725203,16745498,0,1,1.01,0.677466
1600,17415395,5942255,0,1,0.97,1.10677
1601,3716571,2408767,0,1,0.96,0.993667
1602,49822224,24818322,0,0,0.95,0.46996
1603,7972448,6858397,0,0,0.94,2.71621
1604,56423669,54691677,0,0,0.92,0.477398
1605,49817265,135427541,0,0,0.9,1.53472
1606,4260569,2269367,0,0,0.86,0.311943
1607,24824278,7190527,0,0,0.86,0.857481
1608,49822615,2996556,0,0,0.83,0.762555
1609,24807069,2868214,0,0,0.81,1.2025
1610,24792867,893102,0,0,0.81,0.470966
1611,49642396,738951,0,0,0.78,0.493746
1612,56318877,7653921,0,0,0.75,0.60596
1613,24817421,1476919,0,0,0.75,0.768941
1614,26659628,16681908,0,0,0.73,1.74062
1615,7977111,135449258,0,0,0.7,0.412406
1616,56315518,7168712,0,0,0.69,1.09343
1617,24826678,5344188,0,0,0.67,0.214556
1618,49677448,18577956,0,0,0.62,1.10212
1619,4264585,748054,0,0,0.62,1.16897
1620,24810899,16193242,0,0,0.59,3.84485
1621,49825738,1294865,0,0,0.58,1.0403
1622,860639,661916,0,0,0.58,1.45171
1623,4252225,2160308,0,0,0.54,0.992362
1624,49825701,4768672,0,0,0.54,0.161051
1625,858623,1927286,0,0,0.52,1.9128
1626,56315725,16259070,0,0,0.51,0.866218
1627,24779891,135541143,0,0,0.48,0.923373
1628,26665673,6246488,0,0,0.48,0.640293
1629,49671296,2472081,0,0,0.46,1.04748
1630,26729071,2809272,0,0,0.44,0.981077
1631,24804491,907758,0,0,0.43,0.709642
1632,24838195,3240229,0,0,0.42,1.40101
1633,24815283,3572838,0,0,0.41,0.409213
1634,49642212,256659,0,0,0.4,1.0814
1635,4258396,717599,0,0,0.4,0.911113
1636,56463536,8478,0,0,0.35,0.429298
1637,56423681,25102651,0,0,0.34,0.583291
1638,7977911,2835608,0,0,0.33,1.47105
1639,56315153,24978854,0,0,0.27,0.567055
1640,17407013,845043,0,0,0.22,1.03095
1641,56316807,24687692,0,0,0.22,0.772019
1642,22404445,1121652,0,0,0.2,0.519129
1643,26658871,6862268,0,0,0.2,0.781995
1644,22414474,839544,0,0,0.13,0.991362
1645,17508194,9591964,0,0,0.11,1.07263
1646,47197797,1317965,0,0,0.06,0.197282
1647,56320131,24981189,0,0,0.05,0.239447
1648,56324960,24983203,0,0,0.05,1.14903
1649,22405730,2119005,0,0,0.03,0.59382
1650,56315780,4856075,0,0,0.03,1.86745
1651,49825302,24818872,0,0,0.02,0.50133
1652,22410485,135401261,0,0,-0.05,0.787208
1653,49681061,54691640,0,0,-0.09,0.843441
1654,26732213,16746383,0,0,-0.09,0.0708098
1655,56318556,2627212,0,0,-0.12,2.07618
1656,24822080,3817492,0,0,-0.14,0.972382
1657,56318662,9110529,0,0,-0.14,0.611082
1658,22404271,728401,0,0,-0.15,0.515863
1659,24782356,2377969,0,0,-0.17,1.2581
1660,49668752,3448631,0,0,-0.18,0.799678
1661,24787079,2952131,0,0,-0.22,0.54809
1662,7975510,669360,0,0,-0.22,0.717795
1663,56318958,24980587,0,0,-0.26,1.03413
1664,56463279,25102595,0,0,-0.29,0.266489
1665,17416095,2891886,0,0,-0.3,0.434333
1666,17403315,834376,0,0,-0.31,1.299
1667,24796530,2147631,0,0,-0.33,0.750977
1668,14722382,3186126,0,0,-0.36,1.01562
1669,22402831,135423217,0,0,-0.37,0.741047
1670,56463571,6769,0,0,-0.37,0.764659
1671,26729217,2812016,0,0,-0.45,1.66885
1672,49667971,6887268,0,0,-0.45,0.937993
1673,49642394,9590747,0,0,-0.51,1.4888
1674,24835927,135512259,0,0,-0.52,2.18799
1675,49665798,5093561,0,0,-0.52,1.68375
1676,24835127,2504499,0,0,-0.54,0.520168
1677,56322272,7571349,0,0,-0.59,1.92553
1678,14718675,837247,0,0,-0.61,0.842559
1679,49715284,20873037,0,0,-0.63,1.40222
1680,24798379,16190050,0,0,-0.65,0.647522
1681,47202984,3138915,0,0,-0.66,1.11182
1682,14737522,5073725,0,0,-0.67,0.223709
1683,24807761,16192858,0,0,-0.69,0.742006
1684,17431971,2955745,0,0,-0.79,1.34
1685,24815798,7207491,0,0,-0.79,1.06397
1686,49664955,6878290,0,0,-0.79,1.62428
1687,17408874,9590767,0,0,-0.82,0.331661
1688,47202346,2974249,0,0,-0.84,0.52912
1689,17514546,4048624,0,0,-0.86,1.24298
1690,26662793,2908985,0,0,-0.88,1.17653
1691,56322071,24330911,0,0,-0.89,1.63159
1692,47198419,2886102,0,0,-0.89,1.09377
1693,24804001,16192647,0,0,-0.89,1.36245
1694,14720804,135473389,0,0,-0.91,1.36294
1695,49735294,16023462,0,0,-0.95,1.47177
1696,56314665,5380465,0,0,-0.95,1.4056
1697,14726251,777041,0,0,-0.97,0.722973
1698,26725074,795855,0,0,-1.06,1.51495
1699,22407405,2373396,0,0,-1.11,1.16201
1700,17415228,5333689,0,0,-1.13,0.249995
1701,47194683,23723104,0,0,-1.15,0.534766
1702,856997,658357,0,0,-1.16,0.211714
1703,56320922,54682937,0,0,-1.17,0.238736
1704,26666449,949083,0,0,-1.22,1.29576
1705,56318447,24980340,0,0,-1.23,1.16321
1706,56320141,7841818,0,0,-1.23,2.07376
1707,7973022,811180,0,0,-1.25,0.684015
1708,14738155,9551290,0,0,-1.29,0.872866
1709,4251797,3245439,0,0,-1.29,0.555697
1710,56317614,24979952,0,0,-1.3,0.0657944
1711,17411358,9559886,0,0,-1.32,1.08577
1712,24824019,135439794,0,0,-1.36,1.85406
1713,49731618,4207023,0,0,-1.38,1.16481
1714,842609,644881,0,0,-1.39,0.651128
1715,14729416,4601805,0,0,-1.39,1.12234
1716,17386993,4691876,0,0,-1.41,1.02358
1717,14738877,3329425,0,0,-1.41,1.56109
1718,49823088,4870133,0,0,-1.43,1.41205
1719,17411144,4309245,0,0,-1.45,2.18778
1720,24790039,4225471,0,0,-1.47,0.905697
1721,56322355,24982059,0,0,-1.48,0.474541
1722,24832288,4879119,0,0,-1.48,1.58631
1723,17516159,2124813,0,0,-1.5,1.41499
1724,49736951,2993972,0,0,-1.54,1.2411
1725,7966201,5308077,0,0,-1.57,1.29583
1726,22405027,4114993,0,0,-1.57,1.29034
1727,49644940,2881807,0,0,-1.58,1.36913
1728,49732529,24793205,0,0,-1.59,1.48529
1729,24804228,3163673,0,0,-1.6,0.724084
1730,49640819,1106579,0,0,-1.6,2.02399
1731,17414839,6885989,0,0,-1.61,0.0858272
1732,56317478,24979859,0,0,-1.61,0.663279
1733,46501330,23641157,0,0,-1.62,0.828151
1734,26669932,16682602,0,0,-1.63,0.7936
1735,22407142,4882010,0,0,-1.64,1.63085
1736,49723561,24792007,0,0,-1.67,0.902664
1737,17503867,3150735,0,0,-1.68,0.712053
1738,7969420,5309963,0,0,-1.69,1.46603
1739,17412296,2171179,0,0,-1.71,1.60348
1740,17515245,12005976,0,0,-1.72,2.13821
1741,26725196,16745491,0,0,-1.73,0.351662
1742,24792530,713719,0,0,-1.83,0.379156
1743,26667937,647510,0,0,-1.85,0.875348
1744,56319792,24980959,0,0,-1.87,1.84642
1745,49669485,5072004,0,0,-1.9,1.24287
1746,49828116,24819894,0,0,-1.91,0.694094
1747,22407408,2483714,0,0,-1.94,0.546878
1748,24836706,9660732,0,0,-1.97,0.619805
1749,49680402,2084273,0,0,-2.03,1.34335
1750,49819438,5336355,0,0,-2.04,0.977382
1751,49723569,24792015,0,0,-2.09,0.571747
1752,56314820,9102552,0,0,-2.1,1.18579
1753,17406715,1806316,0,0,-2.11,2.12952
1754,4243499,3238213,0,0,-2.12,0.176136
1755,49818171,24817245,0,0,-2.13,0.542139
1756,49728800,8296949,0,0,-2.22,1.08597
1757,17415201,2841163,0,0,-2.26,0.804671
1758,4255205,1309824,0,0,-2.31,0.46934
1759,56322280,24982020,0,0,-2.32,0.67102
1760,24806820,2908311,0,0,-2.33,1.20655
1761,49816195,8016735,0,0,-2.34,1.62973
1762,4245106,3239614,0,0,-2.35,1.03722
1763,851739,654332,0,0,-2.36,1.76043
1764,26668054,650157,0,0,-2.37,0.8802
1765,14734365,1245566,0,0,-2.43,2.40921
1766,49823056,7709245,0,0,-2.44,1.49223
1767,56318323,24980267,0,0,-2.44,0.485367
1768,49674270,5219592,0,0,-2.44,0.231964
1769,49680522,4796595,0,0,-2.44,0.692712
1770,17402437,2767258,0,0,-2.47,0.736451
1771,864032,665283,0,0,-2.47,0.535571
1772,49665299,708725,0,0,-2.48,1.75566
1773,4241485,3236453,0,0,-2.48,1.33801
1774,24794427,2235208,0,0,-2.49,1.73752
1775,49735068,135584543,0,0,-2.5,0.388163
1776,17514822,7205987,0,0,-2.53,1.2309
1777,24779106,1283412,0,0,-2.54,1.2607
1778,51086862,18574508,0,0,-2.54,1.31113
1779,49680575,4299085,0,0,-2.57,1.86928
1780,14738178,9551304,0,0,-2.57,1.96384
1781,17387866,11948870,0,0,-2.61,0.980742
1782,24799245,16190916,0,0,-2.63,0.791971
1783,49733900,6500118,0,0,-2.64,1.38674
1784,4249558,6603402,0,0,-2.66,1.94372
1785,857411,6602706,0,0,-2.68,1.44491
1786,24840557,2999285,0,0,-2.76,0.268706
1787,24784938,6484377,0,0,-2.79,0.42997
1788,24784009,2187583,0,0,-2.81,0.749103
1789,24801906,67061,0,0,-2.82,1.89479
1790,861886,663112,0,0,-2.85,0.244461
1791,49820210,3335953,0,0,-2.86,0.329898
1792,22416022,2917861,0,0,-2.87,1.03993
1793,49827128,24819553,0,0,-2.91,1.28373
1794,26658574,16681765,0,0,-2.96,0.60346
1795,17504283,6375861,0,0,-2.96,0.82975
1796,49716400,1043228,0,0,-2.96,0.588281
1797,7965063,940979,0,0,-2.97,0.0799911
1798,24802639,742286,0,0,-2.99,1.783
1799,861938,663162,0,0,-2.99,1.25448
1800,24824134,14987,0,0,-3,1.62558
1801,26660980,854236,0,0,-3.01,1.49131
1802,56319374,24687805,0,0,-3.03,0.427203
1803,56314795,16280566,0,0,-3.03,0.451193
1804,51089229,7502810,0,0,-3.04,0.659477
1805,857303,9571476,0,0,-3.06,1.099
1806,51086854,18574507,0,0,-3.07,1.48184
1807,16952607,6905901,0,0,-3.09,1.02569
1808,3717544,2322121,0,0,-3.09,2.61606
1809,24810538,16193129,0,0,-3.11,0.786104
1810,51086423,24892090,0,0,-3.12,1.07446
1811,24792119,5337414,0,0,-3.13,2.46912
1812,51089359,24892409,0,0,-3.14,0.250401
1813,24795049,135433295,0,0,-3.14,2.8398
1814,49641023,849788,0,0,-3.22,0.542163
1815,49641399,954601,0,0,-3.24,0.683717
1816,56314808,135715056,0,0,-3.25,0.976307
1817,7971195,5310409,0,0,-3.28,0.975513
1818,850492,2951638,0,0,-3.3,1.20657
1819,56318207,24980199,0,0,-3.3,0.564615
1820,861353,662603,0,0,-3.31,0.996834
1821,56323433,7821800,0,0,-3.35,1.23885
1822,7977315,251561,0,0,-3.35,1.6065
1823,14734162,5883673,0,0,-3.4,1.58748
1824,56318411,24980313,0,0,-3.46,0.727946
1825,847386,649781,0,0,-3.52,0.216522
1826,22404427,2916909,0,0,-3.56,0.660715
1827,56317285,24687655,0,0,-3.57,1.08527
1828,49668343,24761368,0,0,-3.64,0.868709
1829,49717957,6463353,0,0,-3.69,1.31178
1830,47195782,23723160,0,0,-3.7,0.540396
1831,50086555,54686003,0,0,-3.79,0.787941
1832,24830346,4999449,0,0,-3.84,0.680501
1833,24793105,971346,0,0,-3.84,0.528677
1834,49670962,20903724,0,0,-3.87,0.810455
1835,47199212,1820257,0,0,-3.88,0.967635
1836,4243403,3238131,0,0,-3.97,1.56401
1837,56319992,24981107,0,0,-4.1,0.278334
1838,863584,664833,0,0,-4.1,1.41016
1839,17411920,135501759,0,0,-4.11,2.04181
1840,14728276,4369910,0,0,-4.13,0.433899
1841,24815505,7207422,0,0,-4.14,0.886687
1842,4264327,2216494,0,0,-4.15,1.1075
1843,49733940,24793460,0,0,-4.16,0.290484
1844,51090746,5096777,0,0,-4.16,0.145147
1845,49731062,15992615,0,0,-4.16,1.28595
1846,14740866,951154,0,0,-4.17,1.27025
1847,14726641,1452080,0,0,-4.26,1.59734
1848,24811397,2846928,0,0,-4.31,0.202712
1849,17511314,5200925,0,0,-4.34,1.19623
1850,49673953,16237309,0,0,-4.38,1.2238
1851,47197830,960709,0,0,-4.41,1.2586
1852,14723119,208532,0,0,-4.43,1.36944
1853,4247827,3241987,0,0,-4.44,0.249024
1854,49713822,135693579,0,0,-4.47,0.324731
1855,24802606,2948593,0,0,-4.49,0.627892
1856,49716195,135412536,0,0,-4.5,0.291582
1857,47200563,2269216,0,0,-4.51,1.14375
1858,24804838,3127917,0,0,-4.51,2.08973
1859,26724130,16745333,0,0,-4.58,1.22894
1860,56317712,24980018,0,0,-4.64,0.139711
1861,51090352,16829903,0,0,-4.73,2.48056
1862,49721124,24791626,0,0,-4.77,1.91635
1863,14724760,812967,0,0,-4.87,0.86892
1864,4252187,715999,0,0,-4.97,1.54925
1865,7970890,2987989,0,0,-4.97,0.42234
1866,14746346,5342745,0,0,-5.03,0.200391
1867,49648059,256661,0,0,-5.03,0.97205
1868,7966040,5307975,0,0,-5.1,2.4622
1869,56323467,9083795,0,0,-5.12,1.41203
1870,56320051,7871050,0,0,-5.12,0.859037
1871,4258223,2960620,0,0,-5.19,0.61789
1872,56319886,24981027,0,0,-5.21,0.710911
1873,49714144,5298141,0,0,-5.24,0.753013
1874,14738031,6624488,0,0,-5.25,0.556156
1875,56315956,16365183,0,0,-5.37,0.209482
1876,47203641,675058,0,0,-5.47,0.859159
1877,24789563,16189428,0,0,-5.48,0.521127
1878,22415881,2907730,0,0,-5.49,0.727759
1879,843580,645882,0,0,-5.55,0.162554
1880,49826046,3416059,0,0,-5.59,0.382501
1881,56322827,24982237,0,0,-5.65,0.840904
1882,3714512,135415477,0,0,-5.7,0.080707
1883,14746923,2105511,0,0,-5.73,1.17137
1884,26731882,16746087,0,0,-5.85,0.794519
1885,56316833,24979631,0,0,-5.87,0.916606
1886,17410029,3759425,0,0,-5.92,1.40294
1887,49675307,2470333,0,0,-5.92,0.585786
1888,49645896,9668913,0,0,-5.95,0.68885
1889,24813300,16193983,0,0,-6,2.39492
1890,17512177,12005597,0,0,-6.07,0.707049
1891,26724169,16745385,0,0,-6.11,2.50582
1892,51089876,12647563,0,0,-6.12,2.64624
1893,49736284,24793742,0,0,-6.13,1.8881
1894,49670212,3384730,0,0,-6.15,1.06301
1895,56321573,16385206,0,0,-6.37,1.41668
1896,49815768,24816490,0,0,-6.37,0.981807
1897,24810324,16193062,0,0,-6.49,0.3815
1898,845448,647799,0,0,-6.57,0.623616
1899,24785202,16188724,0,0,-6.87,1.57351
1900,859342,660643,0,0,-6.89,1.04173
1901,24802628,135435852,0,0,-6.91,0.581102
1902,14739290,960708,0,0,-7.11,0.548794
1903,24824289,16195700,0,0,-7.31,0.901586
1904,49737527,24794225,0,0,-7.38,0.750347
1905,14742164,135458800,0,0,-7.49,1.97355
1906,56322574,5709759,0,0,-7.75,0.904506
1907,51087912,10787985,0,0,-7.84,1.61596
1908,17512349,6401676,0,0,-7.85,0.223572
1909,26662995,16682325,0,0,-8.11,0.935132
1910,24833978,16196578,0,0,-8.16,1.70923
1911,4256005,2965665,0,0,-8.4,1.51789
1912,11532948,6420009,0,0,-8.55,0.861113
1913,50085986,3005572,0,0,-8.69,0.888159
1914,7974156,960705,0,0,-8.75,2.4072
1915,4244723,1427493,0,0,-8.89,0.878492
1916,47201955,668693,0,0,-8.99,0.70317
1917,11532937,3396,0,0,-9.01,2.9147
1918,14745867,9551997,0,0,-9.12,1.54661
1919,56463559,4621,0,0,-9.33,2.26816
1920,14728890,9549925,0,0,-10.04,0.921535
1921,26724168,16745383,0,0,-10.38,0.568127
1922,56320885,31280,0,0,-10.55,0.666504
1923,14744983,109673,0,0,-10.69,1.24071
1924,17403351,11957314,0,0,-10.7,1.12092
1925,49729246,24792586,0,0,-10.71,0.85294
1926,14745311,9551974,0,0,-10.71,2.03427
1927,26666154,5236119,0,0,-10.8,1.21641
1928,26661316,16682214,0,0,-11.34,0.502449
1929,14739360,960678,0,0,-11.35,1.24874
1930,17506414,2902755,0,0,-11.39,0.565159
1931,14743820,9551880,0,0,-11.83,0.260473
1932,26659257,2846928,0,0,-11.96,0.279155
1933,56422267,25102370,0,0,-13.02,1.19982
1934,56436778,24983166,0,0,-14.57,0.697036
1935,24833983,16196586,0,0,-14.74,1.02898
1936,24834013,16196636,0,0,-16.79,1.66274
1937,24788455,4092732,0,0,-17.08,1.3927
1938,24815907,16194784,0,0,-17.52,1.0595
1939,26663452,16682362,0,0,-18,1.45145
1940,56323254,18190088,0,0,-19.51,1.48337
1941,56322346,7677683,0,0,-22.95,1.89797
1942,49815809,24816521,0,0,-23.21,1.00467
1943,24833985,16196590,0,0,-24.36,1.43086
1944,49724743,24792195,0,0,-51.68,77.4607
